SITE,IO OM 0-3,IO OM 3-6,IO OM 6-9,IO Mineral,IE OM 0-3,IE OM 3-6,IE OM 6-9,IE Min,I10 0-3 OM,I10 3-6 OM,I10 6-9 OM,I10 9-12 OM,I10 12-15 OM,I10 15-18 OM,I20 0-3 OM,I20 3-6 OM,I20 6-9 Mix,I20 Min,I30 0-3 OM,I30 3-6 OM,I30 6-9 OM,I30 Min,T0 0-3 OM,T0 3-6 OM,T0 6-9 OM,T0 9-12 OM,T0 12-15 OM,T0 Min,TE 0-3 OM,TE 3-6 OM,TE 6-9 OM,TE 9-12 OM,TE Min,T10 0-3 OM,T10 3-6 OM,T10 6-9 OM,T10 Min,T20 Mix 0-3,T20 Mix 3-6,T20 Mix 6-9,T20 Min,T30 Mix 0-3,T30 Mix 3-6,T30 Mix 6-9,T30 Min,BO 0-3 OM,BO 3-6 OM,BO 6-9 OM,BO 9-12 OM,BO 12-15 OM,BO 15-18 OM,BE 0-3 OM,BE 3-6 OM,BE 6-9 OM,BE 9-12 OM,BE 12-15 OM,BE Min,B10 0-3 OM,B10 3-6 OM,B10 6-9 OM,B10 9-12 OM,B10 12-15 OM,B10 15-18 OM,B10 Min,B20 0-3 OM,B20 3-6 OM,B20 6-9 Mix,B20 9-12 Mix,B20 12-15 Mix,B20 15-18 Mix,B20 18-21 Mix,B30 0-3 Mix,B30 3-6 Mix,B30 Min,CO 0-3 OM,CO 3-6 OM,CO 6-9 OM,CO 9-12 OM,CO Min,CE 0-3 OM,CE 3-6 OM,CE 6-9 Mix,CE Min,C10 0-3 Mix,C10 3-6 Mix,C10 6-9 Mix,C10 Min,C20 0-3 Mix,C20 3-6 Mix,C20 6-9 Mix,C20 9-12 Mix,C20 Min,C30 0-3 OM,C30 3-6 OM,C30 6-9 OM,C30 9-12 OM,C30 12-15 OM,C30 15-18 OM,C30 Min,G0 0-3 OM,G0 3-6 OM,G0 Mineral,GE 0-3 OM,GE 3-6 OM,GE 6-9 OM,GE Mineral,G10 0-3 OM,G10 3-6 OM,G10 6-9 OM,G10 9-12 OM,G10 12-15 OM,G10 Mineral,G20 0-3 OM,G20 3-6 OM,G20 6-9 Mix,G20 Min,G30 0-3 OM,G30 3-6 OM,G30 6-9 OM,G30 9-12 OM,G30 Min,L0 0-3 OM,L0 3-6 OM,L0 6-9 OM,L0 9-12 OM,L0 Min,LE 0-3 OM,LE 3-6 OM,LE 6-9 OM,LE Min,L10 0-3 Mix,L10 3-6 Mix,L10 Min,L20 0-3 Mix,L20 3-6 Mix,L20 6-9 Mix,L20 9-12 Mix,L20 Min,L30 0-3 Mix,L30 3-6 Mix,L30 6-9 Mix,L30 Min,A0 OM 0-3,A0 OM 3-6,A0 OM 6-9,A0 OM 9-12,A0 Min,AE Mix 0-3,AE Mix 3-6,AE Mix 6-9, AE Mix 9-12,AE Mix 12-15,AE Mix 15-18,AE Min,A10 0-3 Mix,A10 3-6 Mix,A10 Min,A20 0-3 OM,A20 3-6 OM,A20 6-9 OM,A20 9-12 OM,A20 12-15 OM,A20 15-18 OM,A20 Min,A30 0-3 OM,A30 3-6 OM,A30 6-9 OM,A30 9-12 OM,A30 12-15 OM,A30 15-18 OM,A30 18-21 OM,A30 Min,P0 0-3 OM ,P0 3-6 OM,P0 6-9 OM,P0 9-12 OM,P0 Min,PE 0-3 OM,PE 3-6 OM,PE 6-9 OM,PE Min,P10 0-3 Mix,P10 3-6 Mix,P10 6-9 Mix,P10 Min,P20 0-3 Mix,P20 3-6 Mix,P20 6-9 Mix,P20 9-12 Mix,P20 12-15 Mix,P20 15-18 Mix,P20 Min,P30 0-3 OM,P30 3-6 OM,P30 6-9 Mix,P30 Min,S0 OM 0-3,S0 OM 3-6,S0 OM 6-9,S0 OM 9-12,S0 OM 12-15,S0 Min,SE OM 0-3,SE OM 3-6,SE OM 6-9,SE OM 9-12,SE OM 12-15,SE Min,S10 0-3 Mix,S10 3-6 Mix,S10 6-9 Mix,S10 9-12 Mix,S10 12-15 Mix,S10 15-18 Mix,S10 18-21 Mix,S10 21-24 Mix,S10 24-27 Mix,S10 27-30 Mix,S20 0-3 Mix,S20 3-6 Mix,S20 6-9 Mix,S20 9-12 Mix,S20 12-15 Mix,S20 15-18 Mix,S20 Min,S30 0-3 OM,S30 3-6 OM,S30 6-9 OM,S30 9-12 OM,S30 12-15 OM,S30 Min, , , , , , , , , , , , , , , , , , , , , , , 
Allosuctobelba sp.,2,1,,,,,,,,,,,,,1,,,,,1,,,,,,,,,,1,,,,4,,,,,,,,,,,,,,,,,,,,,,,,1,,1,,,,,,,,,,1,2,,,,,,,,,,,,,,,,,,,,,,1,,,,,,,,,,,,,,,,,,,,,,1,,,,,,,,,1,,,,,1,,,,,1,1,1,,,,,,,,,,,,1,,,,,,,,,,,1,,,,,,,,,,,1,,,,,,,,,,,,,,1,1,,,,,,,,,,,,1,,,,,,,1,,,,,,,,,,,,,,,,1,,,,,,1,,,,,,,,,,,,,,,,,,,,,,,,,,,,
Atopochthonius sp.,2,6,,,,,,,,1,,,,,2,2,,,,4,5,,,7,5,,1,2,1,3,1,2,,27,6,12,,,,,,2,2,,,,,1,,,,2,,,,,1,,,,,,1,,,,,,,,,,,,,3,,,,2,3,,,1,,,,,,,,,,,,,,,1,2,1,,1,9,6,,1,,1,,,,2,,,,12,11,25,5,1,2,3,1,,,,,,,,1,1,,4,1,,,,,,,4,1,3,,,10,7,11,4,,1,3,,,,3,1,1,,,,,4,,2,,,,1,,13,2,1,,,5,4,8,1,,,,,,,2,,,,,12,2,4,,8,,1,,,,12,11,,,8,,,,,1,2,,3,2,1,1,,2,,,,,,8,11,,,,,,,,,,,,,,,,,,,,,,,,,,,
Belba sp.,,,,,,,,,,,,,,,,,,,,,,,,,,,,,,,,,,,,,,,,,,,,,,,,,,,,,,,,,,,,,,,,,,,,,,,,,,,,,,,,,,,,,,,,,,,,,,,,,,,,,,,,,,,,,,,,,,,,,,,,,,,,,,,,,,,,,,,,,,,,,,,,,,,,,,,,,,,,,,,,,,,,,,,,,,,,,,,,,,,,,,,,,,,,,,,,,,,,,,,,,,,,,,,,,,,,,,,,,,,,,,,,,,,,,,,,,,,,,,,,,,,,,,,,,,,,,,
Brachychthoniidae,12,76,11,3,10,12,19,2,19,3,8,9,3,3,20,14,19,10,31,26,193,18,11,63,63,1,,22,21,16,53,16,31,94,47,43,6,1,4,6,2,32,31,8,,1,,4,,1,6,2,10,2,2,,2,11,16,13,,3,3,,2,,2,10,4,11,5,,,1,39,55,2,17,5,7,130,60,35,5,6,9,2,1,3,9,4,13,5,,12,5,11,7,34,88,92,5,42,34,13,4,2,5,2,3,5,2,43,,21,8,19,4,5,8,2,15,63,12,12,3,15,12,6,25,11,3,23,12,5,1,6,1,1,8,8,,24,14,47,10,4,38,147,28,27,11,23,7,6,10,,14,10,5,,1,1,,15,5,10,,1,,1,,15,19,3,,,31,72,82,29,9,8,7,2,3,6,1,3,4,,1,16,5,1,3,197,159,47,18,8,2,30,43,13,8,6,2,1,2,1,9,22,6,5,7,8,2,,4,1,,,,2,41,99,20,14,6,4,,,,,,,,,,,,,,,,,,,,,,,
Caenobelba sp.,,,,,,,,,,,,,,,,,,,,,,,,,,,,,,,,,,,,,,,,,,,,,,,,,,,,,,,,,,,,,,,,,,,,,,,,,,,,,,,,,,,,,,,,,,,,,,,,,,,,,,,,,,,,,,,,,,,,,,,,,,,,,,,,,,,,,,,,,,,,,,,,,,,,,,,,,,,,,,,,,,,,,,,,,,,,,,,,,,,,,,,,,,,,,,,,,,,,,,,,,,,,1,,,,,,,,,,,,,,,,,,,,,,,,,,,,,,,,,,,,,,,,,,,,,,,,,,
Damaeolus sp.,,,,,,,,,,,,,,,,,,,,,,,,,,,,,,,,,,,,,,,,,,,,,,,,,,,,,,,,,,,,,,,,,,,,,,,,,,,,,,,,,,,,,,,,,,,,,,,,,,,,,,,,,,,,,,,,,,,,,,,,,,,,,,,,,,,,,,,,,,,,,,,,,,,,,,,,,,,,,,,,,,,,,,,,,,,,,,,,,,,,,,,,,,,,,,,,,,,,,,,,,,,,,,,,,,,,,,,,,,,,,,,,,,,,,,,,,,,,,,,,,,,,,,,,,,,,,,
Discoppia sp.,,,,,,,,,,,,,,,,,,,,,,,,,,,,,,,,,2,,,,,,,,,,,,,,,,,,,,,,,,,,,,,,,,,,,,,,,,,,,,,,,,,,,,,,,,,,,,,,,,,,,,,,,,,,,,,,,,,,,,,,,,,,,,,,,,,,,,2,,,,,,,,,,,,,,,,,,,,,,,,,,,,,,,,,,,,,,,,,,,,,,,,2,,,,,,,,,,,,,,,2,,,,,,,,,,,,,,,,,,,,,,,,,,,,,,,,,,,,,,,,,,,,,,,,,,,,,,,,,,
Eniochthonius sp.,2,5,,,,,,,,,,,,,,,,,,,,,,,,,,,,,,,,,,,,,,,,,,,,,,,,,,,,,,,,,,,,,,,,,,,,,,,,,,,,,,,,,,,,,,,,,,,,,,,,,,,,,,2,,,,,,,,,,,,,,,,,,,,,,,,,,,,,,,,,,,,,,,,,,,,,,,,,,,,,,,,,,,,,,,,,,,,,,,,,,,,,,,,,,,,,,,,,,,,,,,,,,,,,,,,,,,,,,,,,,,,,,,,,,,,,2,,,,,,,,,,,,,,,,,,,,,,,,,
Epilohmannia sp.,10,8,1,,,2,1,,1,1,,3,,1,1,,1,,1,13,20,1,1,4,9,,3,,,1,,,,,,2,,1,,,,,,,,3,,1,2,,,2,1,,,,,6,1,,1,,1,,1,,,,,1,,,,,,3,3,3,,,,,,,,,,,1,1,,1,2,1,,,,,,,,,1,,4,2,1,2,3,1,5,,8,2,5,3,2,3,3,,,5,6,,2,3,,,1,,,,,1,1,,,,,,,,1,1,1,,,,,,,,,,,2,,2,,,,,,,1,,1,,1,,1,,12,6,,,,,,,,,,,,1,,,,,,,,,,,2,3,5,1,,,1,2,,,,,,1,,,,,1,1,,,,,,,,,,6,1,1,,,,,,,,,,,,,,,,,,,,,,,,,,
Eremeaus sp.-R5,,,,,,,,,,,,,,,,,,,,,,,,,,,,,,,,,,,,,,,,,,,,,,,,,,,,,,,,,,,,,,,,,,,,,,,,,,,,,,,,,,,,,,,,,,,,,,,,,,,,,,,,,,,,,,,,,,,,,,,,,,,,,,,,,,,,,,,,,,,,,,,,,,,,,,,,,,,,,,,,,,,,,,,,,,,,,,,,,,,,,,,,,,,,,,,,,,,,,,,,,,,,,,,,,,,,,,,,,,,,,,,,,,,,,,,,,,,,,,,,,,,,,,,,,,,,,,
Eueremaeus sp.,,,,,,,,,,,,,,,,,,,,,,,,,,,,,,,,,,,,,,,,,,,,,,,,,,,,,,,,,,,,,,,,,,,,,,,,,,,,,,,,,,,,,,,,,,,,,,,,,,,,,,,,,,,,,,,,,,,,,,,,,,,,,,,,,,,,,,,,,,,,,,,,,,,,,,,,,,,,,,,,,,,,,,,,,,,,,,,,,,,,,,,,,,,,,,,,,,,,,,,,,,,,,,,,,,,,,,,,,,,,,,,,,,,,,,,,,,,,,,,,,,,,,,,,,,,,,,
Eupterotegeaus sp. 1,,,,,,,,,,,,,,,,,,,,,,,,,,,,,,2,,,,,,,,,1,,,1,,,,1,1,,,,,1,,,,,,,,,,,,,,,,,,,,,,,,,,,,,,,,,,,,,,,,,,,,,,,,,,,,,,,,,,,,,,,,,,,,,,,,,,,1,3,,,,,,,,,,,2,4,,,,1,,,,,,,,,,,,,,,,,,,,,,,,,,,,,2,,,,,,,,,,,,,,,,,,,,,,,,,,,,,,1,,,,,,,,,,,,,,,,,,,,,,,,,,,,,,,,,,,,,,,,,,,,,,,,,,,
Eupterotegeaus sp. 2,,,,,,,,,,,,,,,,,,,,,,,,,,,,,,,,,,1,,,,,,,,,,,,,,,1,,,,,,,,,,,,,,,,,,,,,,,,,,,,,,,,,,,,,,,,,,,,,,,1,,,,3,,,,,,,,,,,,,,,,,,,,,,,,,,,,,,,,,,,,,,,,,,,,,,,,,,,,,,,,,,,,,,,,,,,,,,,,,,,,,,,,,,,,,,,,,,,,,,,,,,,,,,,,,,,,,,,,,,,,,,,,,,,,,,,,,,,,,,,,,,,,,,,,,,,,,,,,,,
Gehypochthonius sp., ,6,1,,2,,,,1,,,,,,,,,,,,,,,,,2,3,,,,,,,2,,1,,,,,,,,,,3,4,4,5,2,1,,,,1,,,1,4,1,,2,4,,,,,1,1,6,,,,,1,,,2,1,,,,,,,,,1,1,1,,2,,,,,,,,3,1,,2,,,2,,,,1,,,3,,,,1,,3,,2,,,,1,,,1,2,,1,,,3,,,,1,,,1,1,2,,1,1,1,,,,,1,1,,1,,,,4,2,,1,,,2,2,2,,,,,,,,,,,,,4,,,3,2,1,,,,1,,,,,,,,,,1,,,,,,,,,,,1,,,,,,,,,,,,,,,,,,,,1,1,,,,,,,,,,,,,,,,,,,,,,,
Heminothrus sp.,2,,,,,,,,1,,,,,,4,2,,,,,,,,,,,,,,,,,,,,,,,,,,,,,,13,7,,,,,19,,,2,,,13,5,,22,27,7,,,,2,6,1,4,,,1,,,,,,,,,,,,,,,,,,,,,,,,,,,,,,,,,,,,,,,,,,,,,,,,,,,,,,3,3,,,,,,1,,2,,,1,,,,10,2,,,,7,,,,,,,,,,,,,,,,,3,,,,,,,,2,3,,,,1,1,,,6,,1,,1,,,,1,,3,,,,,1,,,,,,,,,,,,,,,,,,,,,1,,,,,,,,1,3,,2,,,,,,,,,,,,,,,,,,,,,,,,,
Hermannia sp., ,1, ,,1, , ,, ,,1,,,, ,,1,, , , ,, , , ,, ,,8,7,,1,, ,, ,,1, ,2,,4,2,3,,10,4,,,,1,1,,,,1,,2,,,1,2,,,,,1,1,1,1,1,,,2,2,,,,,,,,,,,,,,,,,,,,,1,,,,9,3,,1,,,,3,16,1,2,2,,,,1,,,1,,,,2,2,2,,,4,3,1,,3,1,,4,1,2,3,,4,3,2,,5,3,,,,3,,,1,1,,,1,,,,1,,,,,,2,,,,,,1,,,,,,,1,2,,,12,8,,,,,,,,,,3,,1,,,,,1,,,,,,,,,,,,1,1,3,7,,,1,,,,,,,,,,,,,,,,,,,,,,,,,,,,,,,,,,,,
Hermanniella sp. 1 ,,,,,,,,,,,,,,,,,,,,,,,1,,,,,,,,,,,,1,,,,,,,,,,,,,,,,,,,,,,,,,,,2,,,,,,,,1,,,,,,,,,,,,,,,,,,,,,,,,,1,,,,,,,,,,1,,1,,,,1,,,,,,,,,,,,,1,,,,,,,,1,,,,,,,,,,,,,,,,,,,,,,,,,,,,,,,,,1,,,,,,1,,,,,,,,,,,,,,,,,,,,,,,,,,,,,,,,,,,,,,,1,,,,,,,,,,,,,,,,1,,,,,,,,,,,,,,,,,,,,,,,,,,,,
Hermanniella sp. 2 - larger ,,,,,,,,,,,,,,,,,,,,,,,,,,,,,,,,,,,,,,,,,,,,,,,,,1,,,,,,,,,,,,,,,,,,,,,,,,,,,,,,,,,,,,,,,,,,,,,,,,,,,,,,,,,,,,,,,,,,,,,,,,,,,,,,,,,,,,,,,,,,,,,,,,,,,,,,,,,,,,,,,,,,,,,,,,,,,,,,,,,,,,,,,,,,,,,,,,,,,,,,,,,,,,,,,,,,,,,,,,,,,,,,,,,,,,,,,,,,,,,,,,,,,,,,,,,,,,,
Hypochthonius sp.,,,,,,,,,,,,,,,,,,,,,,,,,,,,,,,,,,,,,,,,,,1,,,1,,,,,,,,,,,,,,,,,,,,,,1,,,,,,,,,,,,,,,,,,,,,,,,,,,,,,,,,,,,,,,,,,,,,,,,,,,,,,,,,,,,,,,,,,,,,,,,,,,,,,,,,,,,,,,,,,,,,,,,,,,,,,,,,,,,,,,,,,,,,,,,,,,,,,,,,,,,,,,,,,,,,,,,,,,,,,,,,,,,,,,,,,,,,,,,,,,,,,,,,,,,,,,,,,,
Liacarus sp. - L1,4,,,,,,,,,,,,,1,,,,,,,,,,,,,3,,,1,,,,,,,,,,,,,,,,,,,,,,,,,,1,1,,,,,,,,,,,,,,,,,,,,,,,,,,,,,,,1,,,1,,,,,,1,,,1,,,,,,,,,,,,,,,1,,,,,,,,,,,,,,1,,,2,,,,,1,,,,1,,1,,,,,1,,,,,,,,,,,,,,,,,,,,,,,,,1,,,,,,,,,1,,,,,,,,,,1,,,,,,,,,,,,,,,,,,,,,,,,,,,2,1,,,,,,,1,,1,,,,,,,,,,,,,,,,,,,,,,,,,
Liochthonius sp.1,,,,,,,,,,,,,,,,4,,,4,,,,,1,1,,,,1,,,,,1,1,,,,,,,,,,,4,,,,,,1,,,,,,3,1,2,5,,3,1,,,,,,,,,,,1,,,,,,1,,, ,,1,1,2,,,,6,,,,1,4,2,,,,,1,2,2,2,,,,,2,,4,,5,,,,2,1,,2,1,,,,1,,,,1,,2,1,,1,,,,3,,,,,3,,,,4,2,,1,,,,1,,3,10,4,,,,1,,,8,,1,,,,3,3,2,,,2,2,1,4,,1,1,,1,3,,,2,,,1,,1,1,2,,5,,,,7,5,1,2,,,,2,2,1,1,3,,4,,2,,,,,,,1,18,7,7,2,,3,,,,,,,,,,,,,,,,,,,,,,,
Liochthonius sp.2,,2,,,,,,,4,,,,,,,,,,,,,,,,,,,,,,,,,,,,,,,,,,,1,,,,,,,,,,,,,,,,,,,,,,,,,,,,,,,,,,,,,,,,,,,,,,,,,1,,,,,,,,,,,,,,,,,,,,,,,,,,,,,,,,,,,,,,,,,,,,,,,,,,,,,,,,,,,,,,,,,,,,,,,,,,,,,,,,,,,,,,1,,,2,,,,,,,,,,,,,,,,,,,,,,,,,,,1,,,,,,,,,,,,,,,,2,,,,,,,,,,,,,,,,,,,,,,,,,,,,,
Liochthonius sp.3,,,,,,,,,,,,,,,,,,,,,,,,,,,,,,,,,,,,,,,,,,,,,,,,,,,,,,,,,,,,,,,,,,,,,,,,,,,,,,,,,,,,,,,,,,,,,,,,,,,,,,,,,,,,,,,,,,,,,,,,,,,,,,,,,,,,,,,,,,,,,,,,,,,,,,,,,,,,,,,,,,,,,,,,,,,,,,,,,,,,,,,,,,,,,2,,,,,,,,,,,,,,,,,,,,,,,,,,,,,,,,,,,,,,,,,,,,,,,,,,,,,,,,,,,,,,,,,
Liochthonius sp. 4,,,,,,,,,,,,,,,,,,,,,,,,,,,,,,,,,,,,,,,,,,,,,,,,,,,,,,,,,,,,,,,,,,,,,,,,,,,,,,,,,,,,,,,,,,,,,,,,,,,,,,,,,,,,,,,,,,,,,,,,,,,,,,,,,,,,,,,,,,,,,,,,,,,,,2,,,,,,,,,,,1,,,,,,,,,,,,,1,1,,,,,,,,,,,,1,,,,,,,,,,,,,2,,,,,,,,,,,,,,,,5,,,,,,,,,,,,3,,,,,,,,,,,,,,,,,,,,,,,,,,,
Maerkelotrita sp.,,,,,,,,,,,,,,,,,,,,,,,,,,,,,,,,,,,,1,,,,,,,,,,1,,,,,,,,,,,,,,,,,,,,,,,,,,,,,,,,,,,,,,,,,,,,,,,,,,,,,,,,,,,,,,,,,,,,,,,,,,,,,,,,,,,,,,,,,,,,,,,,,,,,,,,,,,,,,,,,,,,,,,,,,,,,,,,,,,,,,,,,,,,,,,,,,,,,,,,,,,,,,,,,,,,,,,,,,,,,1,,,,,,,,,,,,,,,,,,,,,,,,,,,,,,,,,,,,
Malaconothrus sp.,2,3,,,5,6,,,3,,,,,,2,4,3,,50,21,4,2,4,,,,,,6,,,,,25,10,11,,,70,10,3,6,,2,,4,2,,,,,18,,,,,,13,6,10,4,11,3,,2,4,10,9,1,26,3,,,,,,,,,,,,,,,,,,10,9,14,3,49,3,17,30,11,18,,2,,,2,2,2,,14,10,3,6,15,2,3,,6,5,12,1,23,5,2,,8,3,3,,1,,2,2,2,,,14,13,,2,,4,2,6,,3,10,4,4,,,,,,2,,,1,7,1,1,,5,,4,,,,,,,,,,,20,3,2,3,,2,1,,1,11,8,6,6,5,,1,5,41,3,13,,,,,4,5,2,1,1,2,10,1,,2,,,,3,,5,3,4,14,3,1,2,,3,,,,,1,10,,1,9,,,,,,,,,,,,,,,,,,,,,,,,,
Nanhermannia sp. 1,11,7,,,15,3,7,,4,,1,2,,1,3,1,5,,5,2,1,,2,10,,,,,5,2,1,1,,1,2,,,,,,,,2,2,,11,2,2,,1,,10,1,4,3,1, ,4,5,2,14,1,15,,7,3,1,7,3,2,,,,,2,4,, , ,2,2,7, ,1, , ,,4,1,7,4,4,8,1,3,1,1,1, ,4, ,2,2,2,2,4,2,1, ,1,2,, ,,2,4,1,3,13,8, ,2,5,2,5,,1,1,3,,1,1,1,,,,,,,1,,,,,1,1,,12,1,,5,,,1,3,1,1,,2,,,,,,2,,1,,,,4,,6,1,,1,,5,,,,3,,1,1,1,,3,1,7,,3,6,,1,,,,1,,,,5,9,3,3,,,,,,1,2,1,2,,1,1,1,,,,,,,3,7,,5,,,,,,,,,,,,,,,,,,,,,,,,,
Nanhermannia sp. 2,,,1,,, ,,,,,,,,,,,,,,,,,,,,,,,,,,,,,,,,,,,,,,,,,,1,,,,,,,,,,,,,,,,,,,,,,2,,,,,,,,,,,,,, ,,,,,,,,,,,,,,,,,,,,,,,,,,,,,,,,,,,,,,,,,,,,,,,,,,1,1,,,,,,,,,,,,,,,,,1,,,,,,,,,,,,,,,,,,,,,,,,,,,,,,,,,,,,,,,,,,,,,,,,,,,,,,,,,,,,,,,,,,,,,,,,,,,,,,,,,,,,,,,,,,,,,,,,,,,,,,
Nanhermannia immatures,10,13,3,,23,5,5,,31,,,,,,8,,8,,4,2,4,,2,20,3,,3,,7,7,,,,6,,2,,1,2,1,,,2,,,11,6,,,,,27,14,3,2,1,3,47,18,19,7,15,6,,,,3,,,12,,,,,3,13,,2,1,2,41,36,1,1,5,9,,10,4,,,,37,,17,24,13,14,1,17,8,2,27,13,8,4,6,1,2,,15,,8,,7,2,5,6,65,22,4,13,17,3,,,2,,,,,2,,4,6,1,,,,2,,,4,1,1,,,13,3,2,31,2,1,,20,31,1,11,20,4,,8,2,,7,,4,,2,5,2,,36,9,,3,,12,23,6,,13,14,11,7,4,1,3,4,16,3,3,7,5,4,1,4,2,,,,,56,19,,15,,,1,3,,19,4,5,3,1,6,,,6,,,,,,6,33,11,21,10,1,,,,,,,,,,,,,,,,,,,,,,,
Nothrus sp. 1,,,,,,,,,,,,,,,,,,,,,,,,,,,,,,,,,8,,,,,,,,,,,,,,,,,,,,,1,1,,,,,,,,,,,,,,2,1,,,,,,,,,,,,,,,,,,,,,,,,,,,,,,,,,,,,4,,,,,,,,,,,,,,,,,,,,,,1,,4,,,6,,,,,,1,,,,,,,,,,1,4,13,6,2,5,,,,,,,,,,,,,,,,,,,,,,,,,,,,1,2,,2,,,,,,,,,1,2,2,,,,,,,,,,,2,,1,1,,1,,,,1,,,,,,,,,,,,,,,,,,,,,,,,,,,,,,,,,,,,,,
Nothrus sp. 2,,,,,,,,1,,,,,,,,,,,,,,,,,,,,,,,,,,,,,,,,,,1,1,,,,,,,,,,,,,,,,,,,,,,,,2,,,,,,,,,,,,,,,,,,,,,,,,,,,,,,1,,,,,,,,,,,,,,,,,,,,,,,,,,,,,,,,,,,,,,,,,,,,,,,,,,,,,,,,,,,,,,,,,,,,,,,,,,,,,,,,,,,,,,,,,,,,,,,,,,,,,,,,,,,,,,,,,,,,,,,,,,,,,,,,,,,,,,,,,,,,,,,,,,,,,,,,,,,,,
Nothrus sp. 3 - large/pattern,,,,,,,,,,,,,,,,,,,,,,,,,,,,,,,,,,,,,,,,,,,,,,,,,,,,,,,,,,,,,,,,,,,,,,,,,,,,,,,,,,,,,,,,,,,,,,,,,,,,,,,,,,,,,,,,,,,,,,,,,,,,,,,,,,,,,,,,,,,,,,,,,,,,,,,,,,,,,,,,,,,,,,,,,,,,,,,,,,,,,,,,,,,,,,,,,,,,,,,,,,,,,,,,,,,,,,,,,,,,,,,,,,,,,,,,,,,,,,,,,,,,,,,,,,,,,,
Nothrus monodactylus,,,,,,1,,,,,,,,,,,,,,,,,,,,,,,,1,1,,,3,,1,,,,,,1,,,,,,,,,,,,,,,,,,,,,,,,,,,1,,,,,,,,,,,,1,,,,,,,,,,,,,,,,,,,,,,,,,,,,,,,,,,,,2,,,,,,,,,,,,,,,,,,,,,,,,,,,1,,,,,,,,,,,,,,,,,,,,,,,,,,,,,1,,,,,,,,,,1,,,,,,,,,,4,,,,1,1,,,,,,5,,,,,,,,,,,,,,,,,,,,,,,,,,,,,,,,,,,,,,,,,,,,,,,,,,
Oppiella nova,27,8,11,1,7,7,7,,6,1,2,1,2,,1,,2,,2,1,,3,3,2,4,,,,5,1,1,1,,4,,1,,1,2,1,,,,1,,,,,,,,5,3,,,1,,7,3,2,3,5,,,,,,,,3,,,,,6,3,,,,,5,2,2,1,1,,,6,,,,,,,,10,4,,,13,4,,2,3,4,,3,,,2,,,3,5,3,1,,12,26,2,2,6,1,2,2,1,1,,4,,6,,1,,3,2,2,,,2,2,,,2,,,,,,2,,,,,,3,,,,,1,,,,,1,,2,,1,,,,5,2,,,5,,6,2,1,1,,2,3,1,2,,4,3,3,3,1,,,1,1,3,3,4,,1,,4,,,,,,1,2,,4,,1,,3,,,,,,,,,3,1,1,,1,,,,,,,,,,,,,,,,,,,,,,,
Oribatula tibalis - 14b,,,,,,,,,,,,,,,,,,,,,,,,,,,,,,,,,,,,,,,,,,,,,,,,,,,,,,,,,,,,,,,,,,,,,,,,,,,,,,,,,,,,,,,,,,,,,,,,,,,,,,,,,,,,,,,,,,,,,,,,,,,,,,,,,,,,,,,,,,,,,,,,,,,,,,,,,,,,,,,,,,,,,,,,,,,,,,,,,,1,,,,,,,,,,,,,,,,,,,,,,,,,,,,,,,,,,,,,,,,,,,,,,,,,,,,,,,,,,,,,,,,,,,,,,,,,,,,
Oribotritia sp.,2,,,,,,5,,,,1,,,,,,,,1,1,,,,,,,,,1,,,,5,,,,,,,,1,,,,1,,,,,,,,,,,,,2,,,1,,2,,,,,,1,,,,,,,,,,,,,,,,,,,,,,,,,,,,,,,,,,1,2,,2,1,,,,,,,,,,,2,1,1,1,,,,,1,,,,,,,,,1,,,,,,,,,,,,,,,3,,1,,,,,,,,2,,,,,,,,,1,,,,,,,,,,,,,,,,,,,,,,,,,2,,1,,,,,,,,,,,,,1,2,,,,,,1,,,,,,,,,,,,,,,,,,,,,,,,,,,,,,,,,,,,,,
Paleacarus sp.,,,,,,,,,,,,,,,,,,,,,,,,,,,,,,,,,,,,,,,,,,,,1,,,,,,,,,,,,,,,,,,,,,,,,,,,,,,,,,,,,,,,,,,,,,,,,,,,,,,,,,,,,,,,,,,,,,,,,,,,,,,,,,,,,,,,,,,,1,,,,,,,,,,,,,,,,,,,,,,,,,,,,,,,,,,,,,,,,,,,,,,,,,,,,,,,4,,,,,,,1,,,,,,,,,,,,,,,,,,,,,,,,,,,,,,1,,,,,,,,,,,,,,,,,,,,,,,,,,,
Parhypochthonius sp.,,,,,,,,,,,,,,,,,,,,,,,,,,,,,,,,,,,,,,,,,,,,,,,,,,,,,,,,,,,,,,,,,,,,,,,,,,,,,,,,,,,,,,,,,,,,,,,,,,,,,,,,,,,,,,,,,,,,,,,,,,,,,,,,,,,,,,,,,,,,,,,,,,,,,,,,,,,,,,,,,,,,,,,,,,,,,,,,,,,,,,,,,,,,,,,,,,,,,,,,,,,,,,,,,,,,,,,,,,,,,,,,,,,,,,,,,,,,,,,,,,,,,,,,,,,,,,
Phthiracarus sp.,17,,,,7,1,,,2,,,,,,4,,3,,8,5,,,19,4,,,1,,22,24,1,,,15,6,3,,,4,1,,,1,1,,21,1,1,,,,17,,,1,1,,17,,,4,7,,,1,,2,,,2,,,,,14,2,,1,,4,3,,,1,1,,,6,1,2,,,3,,1,1,,,1,6,,,1,,3,,6,6,,5,7,,1,,4,1,8,2,,,,8,3,2,,,3,4,4,,4,,,3,7,2,4,,1,6,1,,9,10,,3,,9,,,,,1,,1,,,12,1,,,,1,,7,,,1,2,,,,22,3,2,,,4,3,,,3,,2,,,,,1,2,1,2,10,1,,,10,9,1,,2,,31,2,1,3,,,,1,1,7,3,3,3,4,3,2,,8,,,,,1,12,,,,,,,,,,,,,,,,,,,,,,,,,,,,
Podacarus sp.,,,,,,,,,,,,,,,,,,,,,,,,,,,,,,,,,,,,,,,,,,,,,,,,,,,,,,,,,,,,,,,,,,,,,,,,,,,,,,,,,,,,,,,,,,,,,,,,,,,,,,,,,,,,,,,,,,,,,,,,,,,,,,,,,,,,,,,,,,,,,,,,,,,,,,,,,,,,,,,,,,,,,,,,,,,,,,,,,,,,,,,,,,,,,,,,,,,,,,,,,,,,,,,,,,,,,,,,,,,,,,,,,,,,,,,,,,,,,,,,,,,,,,,,,,,,,,
Poecilochthonius sp.,,,,,,,,,,,,,,,,,,,,,,,,,,,,,,,,,,,,,,,,,,,,,,,,,,,,,,,,,,,,,,,,,,,,,,,,,,,,,,,,,,,,,,,,,,,,,,,,,,,,,,,,,,,,,,,,,,,,,,,,,,,,,2,1,,,,,,,,2,,,,,,,,,,,,,1,,,,,,,,,,,,,,,,,,,,,,,,,,1,,1,,,,,,,,,,1,,,,,1,,,,,,,,1,,,4,8,,,1,,,,,,,,,,,,1,,,,,,,,,,,,1,,,,,,,,,,,,,,,,,,,,,,,,,
Pterochthonius sp.,,,,,,,,,,,,,,,,,,,,,,,,,,,,,4,,,,,2,,,,,,,,,,,,,,,,,,1,,,,,,,,,,,,,,,,,,,,,,,,,,,,,,,,,,,,,,,,,,,,,,,,,,,,,1,,,,,,,,1,,,,,,,,,,,1,,,,,,,1,,,,1,1,,,,,,,1,3,,1,,9,,,,,,,,,,,,,,,,,,,,,,,,,2,,,,,,,,,,,,,,1,,,1,,,1,,,,,,,,,,5,2,2,1,,,,,,,,,,2,,,,,,,,,,,,,,,,,,,,,,,,,,,,,,,,,,,,,,
Quadroppia sp.,,,,,,,,,,,,,,,,,,,,,,,,,,,,,,,,,,,,,,,,,,,,,,,,,,,,,,,,,,,,,,,,,,,,,,,,,,,,,,,,,,,,,,,,,,,,,,,,,,,,,,,,,,,,,,,,,,,,,,,,,,,,,,,,,,,,,,,,,,,,,,,,2,,,,,,,,,,,,,,,,,,,,,,,,,,,,,13,8,4,4,,7,19,10,2,14,4,8,,,3,,,,,,9,2,1,1,17,4,4,2,,,24,14,2,2,5,,3,2,2,6,5,10,4,1,4,1,,3,,,,,1,43,12,,1,,1,,,,,,,,,,,,,,,,,,,,,,,
Quatrobelba sp.,,,,,,,,,,,,,,,,,,,,,,,,,,,,,,,,,,,,,,,,,,,,,,,,,,,,,,,,,,,,,,,,,,,,,,,,,,,2,1,,,,,,,,,,,,,,,,,,,,,,,,,,,,,,,,,,,,,,,,,,,,,,,,,,,,,,,,,,,,,,,,,,,,,,,,,,,,,,,,,,,,,,,,,,,,,,,,,1,1,,,,1,,,,,,,,1,,,,2,,,,,,,,1,,2,1,1,,3,2,,,,3,1,3,4,2,,,2,2,,,,,,,,,3,,1,1,,,,,,,,,,,,,,,,,,,,,,,,,
Ramusella sp.,,,,,,,,,,,,,,,,,,,,,,,,,,,,,,,,,,,,,,,,,,,,,,,,,,,,,,,,,,,,,,,,,,,,,,,,,,,,,,,,,,,,,,,,,,,,,,,,,,,,,,,,,,,,,,,,,,,,,,,,,,,,,,,,,,,,,,,,,,,,,,,,,,,,,,,,,,,,,,,,,,,,,,,,,,,,,,,,,,,,,,,,,,,,,,,,,,,,,,,,,,,,,,,,,,,,,,,,,,,,,,,,,,,,,,,,,,,,,,,,,,,,,,,,,,,,,,
Rhysotritia sp.,,,,,,,,,,,,,1,,,,,,,6,1,,,,,,,,,,,,,,2,,,,1,,,,,,,,,,2,,1,,,,,,,,,,,2,,,,,,,,,,,,,,1,2,,,,,,,1,,,,2,2,,1,,1,,1,2,1,,,,,,,,,,,,,,,,,,,,,1,4,,,2,2,2,,,,1,,,,1,,,,,,,,,,,1,,,,,,,,1,,,,,1,,,,,,,,1,1,,,,,,,,,,,,,,1,,,,,,,,,,,,,,,,,,,,,,,,,,,,,,,,,,,,1,,,,,,,,,,,1,,,,,,,,,,,,,,,,,,,,,,,,,,,,
Scheloribates sp.-14A,13,7,1,,1,1,1,,,,,,,1,,,,,,,,,,1,,,,,,,,,,1,,4,,,,,,,,,,,,,,,,,,,,,,2,2,4,1,2,,,,,,,,,,,,,2,4,,3,,,4,,,,,,,,4,,,,6,1,2,2,7,,,,,,3,2,,3,,,1,2,,,,,1,,13,1,10,,1,,,,,,1,,,,,,,1,,1,,,,,,,,,,,,,,,,,,,,,,1,,,,,,,,,,,,,,,2,,,1,,,,,,1,1,,,,,,,,,,,,,,,,,,,,,,,,,,,1,1,,,,,,,1,,1,,,,,,1,1,,,,,,,,,,,,,,,,,,,,,,,,,,,
Sellnickochthonius sp.,,,,,,,,,,,,,,,,,,,,,,,,,,,,,,,,,,,,,,,,,,,,,,1,3,,,,,,,,,,,,,,,,,,,,,,,,,,,,,,,,,,,,,,,,,,,,,,,,,,,,,,,,,,,,,,,,,,,,,,,,,,1,,,,,,,,,,,,5,1,,,,,,,,,,,,2,,,,,,,,,,,,,,,2,2,1,,,,,,,,,,,,,,,,,,,,,,,,,,,,,,,1,,,,,,,,,,,,,,,,,,,,,,,,,,,,,,,,,,,,,,,,,,,,,,,,,,,,,,,,,,,,
Sphodrocepheus sp.,,,,,,,,,,,,,,,,,,,,,,,,,,,,,,,,,,,,,,,,,,,,,,,,,,,,,,,,,,,,,,,,,,,,,,,,,,,,,,,,,,,,,,,,,,,,,,,,,,,,,,,,,,,,,,,,,,,,,,,,,,,,,,,,,,,,,,,,,,,,,,,,,,,,,,,,,,,,,,,,,,,,,,,,,,,,,,,,,,,,,,,,,,,,,,,,,,,,,,,,,,,,,,,,,,,,,,,,,,,,,,,,,,,,,,,,,,,,,,,,,,,,,,,,,,,,,,
Suctobelbella sp.,9,17,,,14,9,7,,25,2,9,8,10,1,11,14,2,,2,,24,,3,16,4,,,2,27,3,2,2,2,39,18,14,,1,8,6,3,,4,1,1,41,46,7,1,3,,26,12,3,,,,47,28,32,14,19,5,,,,5,5,2,3,4,,,1,16,7,,6,,,9,3,1,2,1,,,17,25,2,1,10,5,,2,2,3,1,,5,8,1,10,16,3,2,3,7,,1,3,1,40,,8,3,21,6,16,2,,29,35,4,3,,10,,6,,6,2,7,7,11,2,3,,1,2,8,1,8,13,7,1,,23,12,2,4,,1,2,6,5,,11,19,9,,,,1,16,1,7,2,1,4,,,,,,,,,2,,,8,1,,6,,,,9,4,,,3,2,,,2,,,,,,,3,,,,,,,,,,,4,,1,,,,,,,,,,,,,1,,,,,,,,,,,,,,,,,,,,,,,,
Synchthonius sp., ,,,,3,1,,,1,1,,,,,,,,,,,,,,,,,,,,,,,,,,,,,,,,,,,,,,,,,,,1,,,,,,,,,,,1,,,,,,,,,,,,,,5,,,,,,,,,,,,,,,,,,,,,,,,,,,,,2,,,,,,,,,,,,5,2,,,,,,,,,,,,,,,,,,,,,,,,,2,3,,,,3,1,,,,,,,,,1,,,,,,,,1,,1,,,,,,,,,,1,,,,,,,,,,,,,,,,,,,6,,,,,,,,,,,,,,,,,,,,,,,,,,,,,,,,,,,,,,,,,,,,,,,,,,,,,,,
Tectocepheus sp.-B2,14,,1,,13,2,3,,19,2,,1,1,3,24,5,11,,4,1,1,,21,12,2,,3,,29,6,,1,,28,4,3,,,3,2,1,1,6,6,,8,3,,,,1,16,1,,2,,,8,2,3,2,5,1,,,,2,,3,3,3,2,,,12,2,,,,7,,1,,2,,1,,1,,5,,,,,5,1,3,2,1,23,5,,3,1,,,,2,,,1,2,14,,15,2,5,,1,11,,12,2,10,,,11,2,5,,2,2,,5,5,,,,12,3,8,,34,34,4,1,,61,3,,,,,,10,6,2,16,2,,,,,1,1,,,,,,,,11,4,1,,,9,16,,,6,1,1,,,2,,,3,,,9,4,,,18,2,1,,1,,20,3,,,,,,1,1,8,7,7,8,6,4,2,,1,,,,,,13,3,,3,1,,,,,,,,,,,,,,,,,,,,,,,,
AA3,,,,,,,,,,,,,,,,,,,,,,,,,,,,,,,,,,,,,,,,,,,,,,,,,,,,,,,,,,,,,,,,,,,,,,,,,,,,,,,,,,,,,,,,,,,,,,,,,,,,,,,,,,,,,,,,,,,,,,,,,,,,,,,,,,,,,,,,,,,1,,,,,,,,,,,,,,,,,,,,,,,,,,,,,,,,,,,,,,,,,,,,,,,,,,,,,,,,,,,,,,,,,,,,,,,,,,,,,,,,,,,,,,,,,,,,,,,,,,,,,,,,,,,,,,,,,,,
A3,,,,,,,,,,,,1,,,,,,,,,,,,,,,,,,,,,,,,,,,,,,,,,,,,,,,1,,,,,,,,,,,,,,,,,,,,,,,,,,,,,,,,,,,,,,,,,,,,,,,,,,,,,,,,,1,,,,,,,,,,,,,,,,,,,,,,,2,,,,,,,,,,,,1,1,,,,,,,,,,,,,,,,,,,,,,,,,,,,,,,,,,,,,,,,,,,,,,,,,,,,,,,,,1,,,,,,,,,,,,,,,,,,,,,,,,,,,,,,,,,,,,,,,,,,,,,,,,,,,,,
AJ,3,2,,,4,,,,6,,,,,,,,,,2,2,,,,3,,,1,,,,,,,3,1,,,,,,,,,,,4,,1,1,,,4,,,3,3,,12,3,8,,18,5,,,,1,1,,,3,,,,1,1,,,,1,7,,,,,,,7,,,1,,1,,,1,1,,,,1,,,,,,,1,,,3,,,,,,2,,8,,,2,2,1,,,2,1,,,,,,,,,,,,,,,6,8,1,1,,15,,,2,,,,1,7,,,1,,,,,,2,,3,,,3,,,6,1,,,,4,4,,,5,,2,,,,,1,6,,1,,,,,,,,,,,,2,,,,,,,,1,,,1,,,1,,,,,,,,2,1,,4,,,,,,,,,,,,,,,,,,,,,,,,,
AV3 - Opidae, ,30,10,4,2,7,3,2,,,9,,,1,3,6,5,2,1,2,3,4,,,6,5,3,2,,,2,3,5,,,1,1,1,1,,2,1,1,,,,,,,,,,,,,,,1,,1,2,,4,2,,,,,,,2,,,,,1,,,,,,,,1,,,,,3,,,,,,2,,,,,2,2,,,6,,5,1,,,,,2,,1,,,,1,3,,7,,,,7,1,,,2,4,,2,3,,,1,,,,,,,,,,2,2,,,1,,,,,,,1,,1,1,1,,,,,,,1,,,,,,,,,,,,3,2,,,1,,1,3,,2,3,1,,,1,,,,,1,,,,,,1,,,,,,,2,,,,,,,,,,,,,,,,,,,2,,,,,,,,,,,,,,,,,,,,,,,
AZ1,,,,,,,,,,,,,,,,,,,,,,,,,,,,,,,,,,,,,,,,,,,,,,,,,,,,,,,,,,,,,,,,,,,,,,,,,,,,,,,,,,,,,,,,,,,,,,,,,,,,,,,,,,,,,,,,,,,,,,,,,,,,,,,,,,,,,,,,,,,,,,,,,,,,,,,,,,,,,,,,,,,,,,,,,,,,,,,,,,,,,,,,,,,,,,,,,,,,,,,,,,,,,,,,,,,,,,,,,,,,,,,,,,,,,,,,,,,,,,,,,,,,,,,,,,,,,,
11B,3,4,2,2,,,,,,1,,,,,,1,,,,,,,,,,,,,,,,,,,,1,,,,,,,,,,,,,,,,,,,,,,1,,,1,,1,,,,,,,,,,,,,1,1,,,1,1,1,,,,,,,1,,,,1,,2,4,4,1,,1,,,,,,,2,2,1,,1,,2,1,,,9,,13,2,1,,,,,,,,,,,,,,,,,,,,,,,,,,,,,,,,,,,,,,,,,,,,,,,,,,,,,,,,,,,,,,,,,,,,,,,,,,,,,1,,,,,,,,,,,,2,,,,1,,,,,,,,,,,,,1,1,,,,,,,,,,,,,,,,,,,,,,,,,,
12b - Peloppidae,,,,,,,,,,,,,,,,,,,,,,,,,,,,,,,,,,,,,,,1,,,,,,,,,,,,,1,,,1,,,,,,,,,,,,,,,,,,,,,,,,,,,,,,,,,1,,,,,,,,,,,,,,,,,,,,1,,,,,,,,,,,,,,,,,,,,,,,,,,,,,,,,,,,,1,,,,,,,,,,,,,,,,,,,,,,,,,,,,,,,,,,,,,,,,,,,,,,,,,,,,,,,,,,,,,,,,,,,,,,,,,,,,,,,,,,,,,,,,,,,,,,,,,,,,,,,,,,,,,,
1D,,,,,,,,,,,,,,,,,,,,,,,,,,,,,,,,,,,,,,,,,,,,,,,,,,,,,,,,,,,,,,,,,,,,,,,,,,,,,,,,,,,,,,,,,,,,,,,1,,,,,,,,,,,,,,,,,,,,,,,,,,,,,,,,,,,,,,,,,,,,,,,,,,,,,,,,,,,,,,,,,,,,,,,,,,,,,,,,,,,,,,,,,,,,,,,,,,,,,,,,,,,,,,,,,,,,,,,,,,,,,,,,,,,,,,,,,,,,,,,,,,,,,,,,,,,,,,,
2D,,,,,,,,,,,,,,,,,,,,,,,,,,,,,,,,,,,,,,,,,,,,,,,,,,,,,,,,,,,,,,,,,,,,,,,,,,,,,,,,,,,,,,,,,,,,,,,,,,,,,,,,,,,,,,,,,,,,,,,,,,,,,,,,,,,,,,,,,,,,,,,,,,,,,,,,,,,,,,,,,,,,,,,,,,,,,,,,,,,,,,,,,,,,,,,,,,,,,,,,,,,,,,,,,,,,,,,,,,,,,,,,,,,,,,,,,,,,,,,,,,,,,,,,,,,,,,
2H,,,,,,,,,,,,,,,,,,,,,,,,,,,,,,,,,,,,,,,,,,,,,,,,,,,,,,,,,,,,,,,,,,,,,,,,,,,,,,,,,,,,,,,,,,,,,,,,,,,,,,,,,,,,,,,,,,,,,,,,,,,,,,,,,,,,,,,,,,,,,,,,,,,,,,,,,,,,,,,,,,,,,,,,,,,,,,,,,,,,,,,,,,,,,,,,,,,,,,,,,,,,,,,,,,,,,,,,,,,,,,,,,,,,,,,,,,,,,,,,,,,,,,,,,,,,,,
4M,5,,,,,,,,1,,,,,,,,,,,,,,,,,,,,,,,,,,,,,,,,,,,,,,,3,1,,,,,,,,,,,,,,,,,,,,,,,,,,,,,,,,,,,,,,,,,,,,,,,,,,,,,,1,,,,,,,,,,,,,,,,,,,,,,,,,,,,,,,,,,,,,,,,,,,,,,,,,,,,,,,,,,,,,,,,,,,,,,,,,,,,,,,,,,,,,,,,,,,,,,,,,,,,,,,,,,,,,,,,,,,,,,,,,,,,,,,,,,,,,,,,,,,,,,,,,,,,,,,
5E/BF3,,,1,,,,,,,,,,,,,,,,,,,,,,,,,,,,,,,,1,,,,1,,,,,,,,,,,,,,,,,,,,,,,,,,,,,,,,,,,,,,,,,,,,,,1,,,,,,,,,,,,,,,,,,,,,,,,,,,,,,,,,,,,,,,,,,,,,,,1,,,,,,,,,,,,,,,,,,,,,,,2,1,,,,,,,,,,,,,,,,,,,,,,,,,,,,,,,,,,,,,,,,,,,,,,,,,,,,,,,,,,,,,,,,,,,,,,,,,,,,,,,,,,,,,,,,,,,,,,,,,,
B5a - Dentachiptera sp.,,,,,,,,,,,,,,,,,,,,,,,,,,,,,,,,,,,,,,,,,,,,,,,,,,,,,,,,,,,,,,,,,,,,,,,,,,,,,,,,,,,,,,,,,,,,,,,,,,,,,,,,,,,,,,,,,,,,,,,,,,,,,,,,,,,,,,,,,,,,,,,,,,,,,,,,,,,,,,,,,,,,,,,,,,,,,,,,,,,,,,2,,,,,,,,,,,,,,,1,,,,,,,,,,,,,,,,,,,,,,,,,,,,,,,,,,,,,,,,,,,,,,,,,,,,,,,,,
BB4 - Peltenuiala sp.,,,,,,,,,,,,,,,,,,,,,,,,,,,,,,,,,,,,,,,,,,,,,,,,,,,,,,,,,,,,,,,,,,,,,,,,,,,,,,,,,,,,,,,,,,,,,,,,,,,,,,,,,,,,,,,,,,,,,,,,,,,,,,,,,,,,,,,,,,,,,,,,,,,,,,,,,,,,,,,,,,,,,,,,,,,,,,,,,,,,,,,,,,,,,,,,,,,,,,,,,,,,,,,,,,,,,,,,,,,,,,,,,,,,,,,,,,,,,,,,,,,,,,,,,,,,,,
BF4,,,,,,,,,,,,,,,6,4,,,,,21,,,2,9,5,,,,,4,2,,,,,,,,,,,,,,32,32,24,11,12,10,4,,6,2,,1,4,9,13,,1,6,,,,2,,,1,,,,,9,6,8,47,1,8,3,1,1,5,1,4,,,11,10,4,9,14,4,15,3,4,4,4,2,12,3,25,21,9,,7,2,8,,1,3,10,12,,1,8,,68,14,,1,7,,2,,1,2,,,6,3,1,2,16,,,,2,2,5,,5,3,29,20,3,3,,1,2,3,,3,3,9,1,1,3,3,,2,6,1,2,,11,11,3,1,,,6,2,8,1,,4,14,1,12,6,1,1,1,3,4,1,4,10,15,1,,1,,,2,5,4,2,2,10,1,4,2,1,,,1,2,1,3,2,1,,2,,1,3,4,1,,,,1,,2,3,1,4,,,,,,,,,,,,,,,,,,,,,,,,
BH2,,,,,,,,,,,,,,,,,,,,,,,,,,,,,,,,,,,,,,,,,,,,,,,,,,,,,,,,,,,,,,,,,,,,,,,,,,,,,,,,,,,,,,,,,,,,,,,,,,,,,,,,,,,,,,,,,,,,,,,,,,,,,,,,,,,,,,,,,,,,,,,,,,,,,,,,,,,,,,,,,,,,,,,,,,,,,,,,,,,,,,,,1,,,,,,,,,,,,,,,,,,,,,,,,,,,,,,,,,,,,,,,,,,,,,,,,,,,,,,,,,,,,,,,,,,,,,,
BX,4,23,4,,1,3,3,,,,2,7,1,2,1,,2,,,7,22,2,,3,13,,1,,1,,,,,,2,,,1,,,,6,4,6,,2,2,3,6,1,2,4,2,,,,,2,2,,1,4,1,,,,1,,,5,2,,,,,,,6,,,,1,5,2,2,,,,5,3,2,1,1,,6,2,1,,,,,,9,2,6,,3,2,1,1,7,,17,,1,,,,32,2,,1,2,1,2,7,,,4,,,,,,,,,,,,,,1,,2,1,,,,,,,,,,1,,,3,2,,1,,,,,,1,,,,,6,8,,,,,,,,1,2,,,,,,,,,,,1,,,3,2,15,2,2,,9,9,1,1,,,,,1,,,,1,,,1,,1,,,,,,4,8,,2,4,4,,,,,,,,,,,,,,,,,,,,,,,
DZ,1,,,,8,,3,1,7,7,1,,,1,1,,1,,3,4,2,1,3,1,2,,,,,,,,,1,,,,,,,,,,,,,,,,,,,,,,,,,,,,,,,,,,,,1,,,,,1,5,,,1,4,,,,,1,,,,,1,1,,,,,,,,,,,,1,,,,1,3,,1,,,1,,,,,,,,,,,,,,,,,,2,,1,,,,,,,,,,4,5,2,2,6,,,,,,,1,,,,5,3,3,1,1,,,2,1,,2,,,,,5,7,,1,,4,2,,,,,,,,,,,,,1,1,,,,6,1,1,,1,1,3,2,1,1,,,,1,,1,4,,1,,1,,2,3,,,,,,3,,2,1,1,,,,,,,,,,,,,,,,,,,,,,,,
I5,7,3, ,,2,1,2,,3,2,1,2,4, , ,,1,,,10,18,2,1,12,40,7,7,, ,,,,,2,2,,,2,2,,,4,6,2,1,6,3,1,2,1, ,3,,,,,,14,3,3,,1,2,,,,,,,,,,,,,5,,4,,,2,,,3, ,,,1,3,,,1,3,,1,,,,,1,1,,4,5,2,,,,1,,6,,17,1,4,2,1,2,4,1,1,3,2,2,,,,,,,1,,,,,,,,,,,,4,1,,,,,,,,,,,1,,1,,,,,,,,,,,,,,,,22,4,2,,1,,,,,,,,,,1,,1,,,1,,,,,3,,5,4,1,,8,2,1,2,,,,,,,1,,,2,1,,,,,,,,,1,,1,,,1,,,,,,,,,,,,,,,,,,,,,,,
M5- Ametroproctus sp.,,,,,,,,,,,,,,,,,,,,,,,,,,,,,,,,,,,,,,,,,,,,,,,,,,,,,,,,,,,,,,,,,,,,,,,,,,,,,,,,,,,,,,,,,,,,,,,,,,,,,,,,,,,,,,,,,,,,,,,,,,,,,,,,,,,,,,,,,,,,,,,,,,,,,,,,,,,,,,,,,,,,,,,,,,,,,,,,,,,,,,,,,,,,,,,,,,,,,,,,,,,,,,,,,,,,,,,,,,,,,,,,,,,,,,,,,,,,,,,,,,,,,,,,,,,,,,
O3 - Carabodes sp.,,,,,,,,,,,,,,,,,,,,,,,,,,,,,,,,,,,,,,,,,,,,,,,,,,,,,,,,,,,,,,,,,,,,,,,,,,,,,,,,,,,,,,,,,,,,,,,,,,,,,,,,,,,,,,,,,,,,,,,,,,,,,,,,,,,,,,,,,,,,,,,,,,,,,,,,,,,,,,,,,,,,,,,,,,,,,,,,,,,,,,,,,,,,,,,,,,,,,,,,,,,,,,,,,,,,,,,,,,,,,,,,,,,,,,,,,,,,,,,,,,,,,,,,,,,,,,
Q4 - Damaeidae,3,,,,1,,,,,,,,,,,,,,,,,,,,,,,,,,,,,3,,1,,,,,,,,,,,,,,,,2,,,1,,,,,,,,,,,,,,,,,,,,2,,,,1,,,,,,1,,,,,,,,,,,,,,,1,,,,,,,,,,,1,,,,,,,,,,,,1,,,,,,,,,1,,1,,,,,,2,,,,3,1,1,,,,,,,,,,,,,,,,,,,,,,,,,,,1,,,,,,,,,,,,,,,,,,,,,,,,2,,,,1,,1,,1,,,,,,,,,1,,,,1,,2,,,,,,,,,,,,,,,,,,,,,,,,,,,,,,,,,,
Unidentified Immatures,4, ,,, , ,,, ,,,,,, , , ,1, , , , , ,,,,, , ,,,3,, , , ,1,1, , , , ,1, ,, , ,1,1,,1, ,,,,,, , , , , , ,, , , , , , , ,,,,1,,,,,,,,,2,,1,,28, , , , , , , , , , ,, ,,, , , ,, , , , , , , ,, , , , , , , ,8, , , ,, , , , , ,,, , ,1, ,, , , ,,,,,,,,,,,,,,9,12,,7,3,,,,,,,,,,,,,,,,,,,,,,,,1,,,2,,,,,,,,,,,,,,,,,,,,,,,,,,,,,,,,,,,,,,,,,,,,,,,,,,,,,,,,,,,,,,,,,,,,
Pro 2-Nanorchestes,69,6,2,,8,5,6,1,20,8,1,4,1,1,10,5,5,,4,16,6,5,5,23,4,2,,,12,2,,3,2,25,8,10,,3,3,5,1,1,4,1,1,30,29,5,2,4,1,63,15,2,2,1,3,11,,7,5,10,7,,,,2,7,1,2,,1,,1,19,62,4,2,1,9,2,2,1,2,11,3,1,3,3,2,3,,,,1,,,1,7,17,16,,12,10,16,,9,29,7,6,6,,14,1,13,2,4,6,,1,,6,2,8,1,,3,1,4,1,6,,1,7,2,,8,,,,2,,8,22,22,2,1,44,8,,3,2,,1,8,9,1,13,4,1,,,1,,18,2,3,,,2,,,35,10,2,1,1,12,13,6,,3,3,2,,1,1,,1,,,3,15,1,3,1,22,9,4,1,,,14,4,1,3,,,1,,1,3,3,1,1,2,3,,4,5,1,,,,,3,2,3,2,3,,,,,,,,,,,,,,,,,,,,,,,,
"Pro 3-white, med, pentagonal", ,,,,,,,,,,,,,,,,,,,,,,,,,,,,,,,,,,,,,,,,,,,,,,,,,,,,,,,,,,,,,,,,,,,,,,,,,,,,,,,,,,,,,,,,,,,,,,,,,,,,,,,,,,,,,,,,,,,,,,,,,,,,,,,,,,,,,,,,,,,,,,,,,,,,,, ,,,,,,,,,,,,,,,,,,,,,,,,,,,,,,,,,,,,,,,,,,,,,,,,,,,,,,,,,,1,,,,,,,,,,,,,,,,,,,,,,,,,,,,,,,,,,,,,,,,,,,,,
Pro 4-Rhagidiidae, ,1,,,3,1,1,1,1,,,,,,1,4,1,,1,,1,,3,2,4,2,1,,1,1,,,3,2,,1,,,,,,1,2,,,1,,,1,2,,,1,,,,1,,,1,,,,,,,,,,,,,,,2,2,,2,,,,,,,,,,1,,,,,1,,,1,1,,,7,3,2,,3,5,,,,,,,,,1,1,1,,,2,,,,,,,1,,1,1,1,1,1,1,,,,,,,,,,3,2,5,2,,,1,1,1,,,1,,,,4,,,,,,,1,,,,,,,,1,,,,,,,,,,1,1,,,1,,,2,1,1,,2,1,,1,,2,1,1,2,1,1,,,,,,,,,,,,,,,,,,,,,,2,,,,,,,,,,,,,,,,,,,,,,,,,,,,
Pro 5-small w thin legs,,,,,,,,1,,,,,,,,,,,,,,,,,,,,,,,,,,,,,,,, ,,,,,,,,,,,,6,,,1,,,2,,,3,,,,,,,,,3,,,,,,,,,,,,2,2,5,4,,,10,,,,1,,,4,,,,2,7,12,16,,3,1,2,1,5,3,,3,1,5,,9,7,4,,,1,,,4,6,,1,,,3,,,1,3,4,,,,,3,1,4,,7,,8,1,1,3,2,1,,,,1,,,,,2,,,,,,,,,,,,,,5,2,,,,7,5,1,1,2,,1,,,1,,,,1,2,13,1,2,,7,4,5,1,2,,2,2,,3,3,4,,1,3,,4,8,5,3,3,,1,,,,,,1,6,3,,,1,,,,,,,,,,,,,,,,,,,,,,,,
Pro 6-w/ club foot,1,3,5,2,4,10,3,3,2,,1,2,,,1,,3,2,1,,4,3,,5,12,6,1,4,1,,,1,5,23,1,15,,,1,,1,1,2,,,3,1,3,2,2,,1,3,5,1,1,1,,,2,,,2,,,,,1,1,2,,,,,3,4,,8,7,,10,12,5,4,,2,,,,,1,,,,3,2,3,,2,3,5,7,1,1,2,7,7,1,1,1,5,1,3,,,,3,4,4,6,8,3,5,1,5,,1,2,2,11,2,1,3,6,5,8,1,1,,1,2,,2,,8,12,9,3,5,1,8,8,1,,2,5,2,1,5,2,4,3,2,,2,3,3,3,1,1,2,,7,15,8,1,2,6,3,5,1,4,,1,1,3,5,1,4,2,2,6,9,13,3,1,9,11,23,1,14,1,,9,1,1,3,1,3,7,3,6,4,6,2,7,1,1,1,2,,,,,5,,3,1,1,1,2,,,,,,,,,,,,,,,,,,,,,,,
"Pro 7-small, elong., pentagon",51,33,19,3,17,2,46,5,15,1,2,,,,6,1,,1,1,1,7,,16,40,3,12,,3,16,1,1,,3,25,4,5,,4,11,13,1,5,19,4,,11,16,1,2,1,1,3,5,,,,1,,,2,,1,1,1,,,1,2,4,,2,,,,9,1,7,7,4,7,12,10,6,3,1,8,,,,2,2,4,1,,1,1,3,2,,2,2,,8,7,1,,,,1,5,,,1,1,7,1,,,3,3,1,,2,3,10,,,4,2,,2,4,3,7,4,2,2,2,2,,3,2,7,15,12,2,6,13,6,7,7,1,3,13,2,,,1,2,2,,,,,1,,1,,,1,,,3,5,,,,,1,,,1,1,,,1,1,,,,,,,1,,,6,10,5,1,3,4,3,1,3,,3,,,,3,,1,,1,2,1,,2,,,,,,2,4,1,,,,,,,,,,,,,,,,,,,,,,,,,,,
"Pro 8-lg, yellow",,,,,,,,,,,,,,,,,,,,,,,,,,,,,,,,,,,,,,,,,,,,,,,,,,,,,,,,,,,,,,,,,,,,,,,,,,,,,,,,,,,,,,,,,,,,,,,,,,,,,,,,,,,,,,,,,,,,,,,,,,,,,,,,,,,,,,,,,,,,,,,,,,,,,,,,,,,,,,,,,,,,,,,,,,,,,,,,,,,,,,,,,,,,,,,,,,,,,,,,,,,,,,,,,,,,,,,,,,,,,,,,,,,,,,,,,,,,,,,,,,,,,,,,,,,,,,
Pro 9-med w/ long legs,,,,,,,,,,,,,,,,,,,,,,,,,,,,,,,,,,,,,,,,,,,,,,,,,,,,,,,,,,,,,,,,,,,,,,,,,,,,,,,,,,,,2,,,,,,,,,,,,,,,,,,,,,,,,,,,,,,,,,,,,,,,,,,,,,,6,,,,,,,,,,,,,,,,,,,,,,,,,,,,,,,,,,,,,,,,,,,,,,,,,,,,,,,,,,,,,1,,,,,,,2,4,,,,,,4,,,,,,,,,,,,,,,,1,,,,,,,,,,,,,,,,,,,,,,,,,,,,,,,,,
Pro 10-lg orange,1,1,,,,,,,,,,,,,,,,,,,1,,,1,,,,,,,,,,,,,,,,,,,,,,,,,,,,,,,,,,,,,,,,,,,,,,,,,,,,,,,,,,,,,,,,,,,,,,,,,,,,,,,,,,,,,,,,,1,,,,,,,,,,,,,,1,,,,,,,,,,,,,,,,1,,,,,,,,,,,,,,,,1,,,,,,,,,,,,,,,,,,,,,,,,,,,,,,,,,,,,,,,,,,,,,,,,,,,,,,,,,,,,,,,,,,,,1,,,,,,,,,,,,,,,,,,,,,,,,,,,
Pro 11-red eye,,,,,,,,,,,,,,,,,,,,,,,,,,,,,,,,,,,,,,,,,,,,,,,,,,,,,,,,,,,,,,,,,,,,,,,,,,,,,,,,,,,,,,,,,,,,,,,,,,,,,,,,,,,,,,,,,,,,,,,,,,,,,,,,,,,,,,,,,,,,,,,,,,,,,,,,,,,,,,,,,,,,,,,,,,,,,,,,,,,,,,,,,,,,,,,,,,,,,,,,,,,,,,,,,,,,,,,,,,,,,,,,,,,,,,,,,,,,,,,,,,,,,,,,,,,,,,
Pro 12-green tinge,,,,,,,,,,,,,,,,,,,,,,,,,,,,,,,,,,,,,,,,,,,,,,,,,,,,,,,,,,,,,,,,,,,,,,,,,,,,,,,,,,,,,,,,,,,,,,,,,,,,,,,,,,,,,,,,,,,,,,,,,,,,,,,,,,,,,,,,,,,,,,,,,,,,,,,,,,,,,,,,,,,,,,,,,,,,,,,,,,,,,,,,,,,,,,,,,,,,,,,,,,,,,,,,,,,,,,,,,,,,,,,,,,,,,,,,,,,,,,,,,,,,,,,,,,,,,,
Pro 13-hairy,,,,,,,,,,,,,,,,,,,,,,,,,,,,,,,,,,,,,,,,,,,,,,,,,,,,,,,,,,,,,,,,,,,,,,,,,,,,,,,,,,,,,,,,,,,,,,,,,,,,,,,,,,,,,,,,,,,,,,,,,,,,,,,,,,,,,,,,,,,,,,,,,,,,,,,,,,,,,,,,,,,,,,,,,,,,,,,,,,,,,,,,,,,,,,,,,,,,,,,,,,,,,,,,,,,,,,,,,,,,,,,,,,,,,,,,,,,,,,,,,,,,,,,,,,,,,,
"Pro 14-white, cone",,,,,,,,,,,,,,,,,,,,,,,,,,,,,,,,,3,,,,,,,,,,,,,,,,,,,,,,,,,,,,,,,,,,,,,,,,,,,,,3,,,,,,1,,,,,,,,,,,,,,,,2,,,,,,,,,,,,,,,,,,,,,,,,,,,,,,,,,,,,,,,,,,,,,,,,,,,2,,,,,,,,,,,,,,,,,,,,,,,,,,,,,,,1,,,,,,,,,,,,,,,,,,,,,,,,,,,,,,,,,,,,,,,,,,,,,,,,,,,,,,,,,,,,,,,,,,,,,,,,
Pro 15- lg blob,,,,,,,,,,,,,,,,,,,,,,,,,,,,,,,,,,,,,,,,,,,,,,,,,,,,,,,,,,,,,,,,,,,,,,,,,,,,,,,,,,,,,,,,,,,,,,,,,,,,,,,,,,,,,,,,,,,,,,,,,,,,,,,,,,,,,,,,,,,,,,,,,,,,,,,,,,,,,,,,,,,,,,,,,,,,,,,,,,,,,,,,,,,,,,,,,,,,,,,,,,,,,,,,,,,,,,,,,,,,,,,,,,,,,,,,,,,,,,,,,,,,,,,,,,,,,,
Pro 16- elong club,,,,,,,,,,,,,,,,,,,,,,,,,,,,,,,,,,,,,,,,,,,,,,,,,,,,,,,,,,,,,,,,,,,,,,,,,,,,,,,,,,,,,,,,,,,,,,,,,,,,,,,,,,,,,,,,,,,,,,,,,,,,,,,,,,,,,,,,,,,,,,,,,,,,,,,,,,,,,,,,,,,,,,,,,,,,,,,,,,,,,,,,,,,,,,,,,,,,,,,,,,,,,,,,,,,,,,,,,,,,,,,,,,,,,,,,,,,,,,,,,,,,,,,,,,,,,,
Pro 17- fuzzy pink,,,,,,,,,,,,,,,,,,,,,,,,,,,,,,,,,,,,,,,,,,,,,,,,,,,,,,,,,,,,,,,,,,,,,,,,,,,,,,,,,,,,,,,,,,,,,,,,,,,,,,,,,,,,,,,,,,,,,,,,,,,,,,,,,,,,,,,,,,,,,,,,,,,,,,,,,,,,,,,,,,,,,,,,,,,,,,,,,,,,,,,,,,,,,,,,,,,,,,,,,,,,,,,,,,,,,,,,,,,,,,,,,,,,,,,,,,,,,,,,,,,,,,,,,,,,,,
Pro 18- elbowed palps,,,,,,,,,,,,,,,,,,,,,,,,,,,,,,,,,,,,,,,,,,,,,,,,,,,,,,,,,,,,,,,,,,,,,,,,,,,,,,,,,,,,,,,,,,,,,,,,,,,,,,,,,,,,,,,,,,,,,,,,,,,,,,,1,,,,,,,,,,,,,,,,,,,,,,,,,,,,,,,,,,,,,,,,,,,,,,,,,,,,,,,,,,,,,,,,,,,,,,,,,,,,,,,,,,,,,,,,,,,,,,,,,,,,,,,,,,,,,,,,,,,,,,,,,,,,,,,
Pro 19- AK or R1 - astigmata,5,2,2,,2,1,6,,1,,,,,,,3,2,,,,1,,2,,,,,,,,,,,,2,,,,,,,,,,,1,6,1,,,,5,,,,1,1,7,1,4,,,1,,,1,3,,1,,1,,1,,,,,,,,,2,1,,,,,,,,3,,1,1,,,,2,,,,1,,2,,,,,1,,,1,4,,5,1,1,,5,1,,1,1,,,1,1,1,6,1,1,2,2,5,1,3,7,3,6,15,13,6,,,,,,1,6,8,64,17,7,1,1,1,,,3,7,1,2,1,2,,,1,,,1,,,5,,3,2,1,4,3,2,1,1,3,3,4,,2,1,4,11,,1,2,,,,2,2,,4,,1,2,,1,2,1,,2,2,1,2,5,3,4,3,1,3,3,3,,,,,,1,3,1,,1,5,,,,,,,,,,,,,,,,,,,,,,,
Immatures,,,,,,,,,,,,,,,,,,,,,,,2,,,,,,,,,,,22,,,,,,,,,,,,,,,,, , ,,, ,,, ,,, ,,,,,,,,, ,,3,,,69,33,,,,,, , , , ,,, ,,,, ,,, ,,,, , , , ,, , , , , , ,, , , ,, , , ,,, ,,30, , ,, ,,, ,,6, , , ,,,,, , , ,, ,,,,,,,2,,,,,,,,,,,,,,,,,,,,,,,,,,,,,,,,,,,,, ,,,,,,,,,,,,,,,,,,,,,,,,,,,,,,,,,,,,,,,,,,,,,,,,,,,,,,,,,,,,,,,,,,,
AI2,,,,,,,,,,,,,,,,,,,,,,,,,,,,,,,,,,,,,,,,,,,,,,,,,,,,,,,,,,,,,,,,,,,,,,,,,,,,,,,,,,,,,,,,,,,,,,,,,,,,,,,,,,,,,,,,,,,,,,,,,,,,,,,,,,,,,,,,,,,,,,,,,,,,,,,,,,,,,,,,,,,,,,,,,,,,,,,,,,,1,,,,,,,,,,,,,,,,,,,,,,,,,,,,,,,,,,,,,,,,,,,,,,,,,,,,,,,,,,,,,,,,,,,,,,,,,,,
Bdellidae- EW,,,,,,,,,,,,,,,,,,,,,,,,,,,,,,,,,,,,,,,,,,,,,,,,,,,,,,,,,,,,,,,,,,,,,,,,,,,,,,,,,,,,,,,,,,,,,,,,,,,,1,,,,,,,,,,,,,,,,,,,,,,,,,,,,,,,,,,,,,,,,,,,,,,,,,,,,,,,,,,,,,,,,,,,,,,,,,,,,,,,,,,,,,,,,,,,,,,,,,,,,,,,,,,,,,,,,,,,,,,,,,,,,,,,,,,,,,,,,,,,,,,,,,,,,,,,,,,
Eupopidae,,,,,,,,,,,,,,,,,,,,,,,,,,,,,,,,,,3,2,,,,,,,,,,,,,,,,,,,,,,,,,,,,,,,,,,,,,,,,,,,,,,,,,,,,,,,,,,,,,,,,,,,,,,,,,,,,,,,,,,,,,,,,,,,,,,,,,,,,,,,,,,,,,,,,,,,,,,,,,,,,,,,,,,,,,,,,,,,,,,,,,,,,,,,,,,,,,,,,,,,,,,,,,,,,,,,,,,,,,,,,,,,,,,,,,,,,,,,,,,,,,,,,,,,,,,,,,,,
"Meso 1-lg, round, curled legs",,,,,,,,,,,,,,,,,,,,,,,,,,,,,,,,,,,,,,,,,,,,,,,,,,,,,,,,,,,,,,,,,,,,,,,,,,,,,,,,,,,,,,,,,,,,,,,,,,,,,,,,,,,,,,,,,,,,,,,,,,,,,,,,,,,,,,,,,,,,,,,,,,,,,,,,,,,,,,,,,,,,,,,,,,,,,,,,,,,,,,,,,,,,,,,,,,,,,,,,,,,,,,,,,,,,,,,,,,,,,,,,,,,,,,,,,,,,,,,,,,,,,,,,,,,,,,
"Meso 2-lg,disks-Laelaptidae",,,,,,,,,,,,,,,,,,,,,,,,,,,,,,,,,,,,,,,,,,,,,,,,,,,,,,,,,,,,,,,,,,,,,,,,,,,,,,,,,,,,,,,,,,,,,,,,,,,,,,,,,,,,,,,,,,,,,,,,,,,,,,,,,,,,,,,,,,,,,,,,,,,,,,,,,,,,,,,,,,,,,,,,,,,,,,,,,,,,,,,,,,,,,,,,,,,,,,,,,,,,,,,,,,,,,,,,,,,,,,,,,,,,,,,,,,,,,,,,,,,,,,,,,,,,,,
Meso 3-w/ OM,2,1,1,,,,,,,,,2,2,,,,1,,,,,,,,,,,,,,1,,,,,,,1,,,,1,1,1,,,1,,,,1,,,,,1,,,,,,,,,,,1,,,,,,,,,,,,,,3,,, ,,1,1,,,,,,,,,,,,,,1,,,,,,,,,,,,,,,,,,,,,,,,,,1,,,,1,,,,,,,,1,,,,,,,,,,,,,,,,,,,,,,,,,,,,,,,,,,,,,,,,1,,,,,,,,,,,,,,,,,,,,,,,,,,,,,,,,,,,,,,,,,,,,,,,,,,2,,,,,,,,,,,,,,,,,,,,,,,,,
Meso 4-medium , ,,,,1,,,,,,,,,,,,,,,,,,,,,,,,,,,,,1,,,,,,1,,,,,,,,1,,,,,,,,,,, ,1,,,,,,,,,,,,,,,,,,,,,,,,,,,,,,,,,,,,,,,,,,,,,,,,,,,,,,,,,,,,,,,,,,,,,,,,,,,,,1,,,,,,,,,,,2,,,,,,,,,,,,,,,,,,,,,,,,,,,,,,,,,,,,,,,,,,,,,,,,,,,,,,,,,,,,,,,,,,,,,,,,1,,,,,,,,,,,,,,,,,,,,,,,,,,,,,,,,,,
Mes 5-sclerotized w/rostrum, ,,,,3,,1,,3,,,,,1,,,,,,,,,1,,1,,,,3,1,,,,2,6,4,,,,,,,,,,1,,,,,,,,,,,,1,,2,1,1,,,,,1,,,1,1,,,,4,10,,,,1,1,,,,,,,,,,,,,,,,,,,1,,,,1,,,,3,,,1,,1,,1,,,,,,,7, ,1,,,,,,,,,,,,,,,2,2,,,1,1,1,4,2,,,,,,,,,,,,,,,,,,5,,,,,,,,6,5,,,,1,,,,,,,,,,,,,,,,,,,,1,,1,,,,2,,,,,,,,,,,,,,,,,,,,,1,2,,,,,,,,,,,,,,,,,,,,,,,,,,,,
"Meso 6-little,white,stick legs ",15,10,2,,19,4,1,3,7,,,,,1,2,5,,2,6,7,51,5,5,3,9,1,,,6,8,1,3,7,15,4,4,,,1,2,,,,,,4,4,,,1,,5,1,8,3,3,,1,,3,,,,,,,2,,1,3,,,,,2,1,,2,,4,6,2,, ,,1,,2,1,,3,,1,,1,4,1,,,4,7,1,14,8,6,5,,3,,3,3,,13,,5,3,7,3,3,3,,9,7,3,2,,1,2,3,,3,1,2,5,9,2,1,,2,2,1,,10,7,13,6,,5,7,6,13,6,2,3,6,6,,11,18,3,1,1,1,,4,,,,1,1,,,9,10,7,,,8,14,34,4,1,3,2,3,1,1,,,,,,8,3,2,,19,11,5,12,2,,3,4,1,3,1,,3,1,2,7,2,5,5,3,1,1,,,,,,,,46,10,,,,,,,,,,,,,,,,,,,,,,,,,,,
"Meso 7-lg, 2 dorsal shields",8,2,2,,9,2,1,,1,,,2,,,1,,1,,,1,1,,4,,,,,,5,2,,,,9,6,7,,,1,1,,,1,1,,,1,,,,,,,,,1,,4,2,,4,1,,,1,1,,1,1,,2,,,,1,3,,,,,,,,,,,,,,,,,,,,,1,,,2,,,,2,2,,1,,,1,,,1,,2,,10,2,3,1,,8,3,6,1,,3,1,,,1,,,,1,,,,,,2,,5,1,1,1,,1,,,1,,,,,,,2,,,,,,,1,,,,,,,,5,2,,,,,,1,,2,,2,1,1,1,,,,,,1,,,,7,1,1,2,1,,2,2,,1,,,,1,,1,1,,,3,2,,,,,,,,,,,,2,,,,,,,,,,,,,,,,,,,,,,,,,
Meso 8-holodorsal-1M , ,,,, ,, , , , , ,,, , ,, ,, , , , , , , ,,,,,,,,, ,,,,,,,,,,,,,,,,,,,,,,,,,,,,,,,,,,,, ,,,,, , ,,, , ,,,,2, ,,,,, , ,,,,,,,,,1,,, ,,,, , ,, ,,1, ,,,,,,,,,,,,,,,,,, ,, ,,,,,,,,,, , , , , ,,,,,,, ,,,, , , , , ,,, , ,, ,,,,,,,,,,,,,,,,,,,,,,,,,,,,,,,,,,,,,,,,,,,,,,,,,,,,,,,,,,,,,,1,,,,,,,,,,,,,,,,,,,,,,,,
Meso 9 - 5A,,1,,,,,,,,,,,,,,,,,,,,,,,,,,,,1,,,,,,,,,,,,,,,,,,,,,,,,,,,,,,,,1,,,,,,,,,,,,,,,,,,,,,,,,,,,,,,,,,,,,,,,,,,,,,,,,,,,,,,,,,,,,,,,,,,,,,,,,,,,,,,,,,,,,,,,,,,,,,,,,,1,,,,,,,,,,,,,,,,,,,,,,,,,,,,,,,,,,,,,,,,,,,,,,,,,,,,,,,,,,,,,,,,,,,,,,,,,,,,,,,,,,,,,,,,,,,,,,,
Meso 10-Zercon,,,,,,,2,,1,,,,,,,,,,1,1,1,,1,,,,,,,,,,,,1,,,,,,,,,,,,,,,,,,,,,,,,,,,,,,,,,,,1,,,,,,,,,,1,,,,,,,,,,,,,,,,,,,,,,,,,,,2,,,,,,,,,,,,,,,,,,,,,,,,,,,,,,,,,,,,,,,,,,,,,,,,1,,,,,2,,,,,,,,,,,,,3,,,,,,,,,,,,,,,,,,,,,,,,1,,,,2,,,,,,,,,,,,,,,,,,,,,,,,,,,,,,,,,,,,,,,,,,,,,,,,,,,,,
"Meso 11- lg, 2 dorsal shields",2,,,,,,,,,,,,,,,,,,1,3,5,1,,,,,,,,1,,,,9,2,1,,,,1,,1,,,,,,,,,,,,,,,,,,,,,1,,,,2,,,,,,,,,,,,,,,,,,2,,1,2,24,14,3,8,,,,1,,,,,,2,,,,,1,,,,2,1,,,,,,,,,,,,,,,2,,1,,1,1,,2,1,1,,,1,,,1,,,,,2,,,,,,,,,,,,1,1,,,,,,,,,,,,,1,1,,,,,,1,,,,,,,,,,,,,,,,,,2,1,1,,,,,1,,,,,,,1,,,,,,,,,,,,,,1,,,,,,,,,,,,,,,,,,,,,,,,,,,,
Meso 12- 2 dorsal incom.-EL,,,,,,,,,,,,,,,,,,,,,,,,,,,,,,,,,,,,,,,,,,,,,,,,,,,,,,,,,,,,,,,,,,,,,,,,,,,,,,,,,,,,,,,,,,,,,,,,,,,,,,,,,,,,,,,,,,,,,,,,,,,2,,,,,,,,,,,,,,,,,,,,,,,,,,,,,,,,,,,,,,,,,,,,,,,,,,,,,,,,,,,,,,,,,,,,,,,,,,,,,,,,,,,,,,,,,,,,,,,,,,,,,,,,,,,,,,,,,,,,,,,,,,,,,,,,,,,
Gamasidae,,,,,,,,,,,,,,,,,,,,,,,,,,,,,,,,,,,,,,,,,,,,,,,,,,,,,,,,,,,,,,,,,,,,,,,,,,,,,,,,,,,,,,,,,,,,,,,,,,,,,,,,,,,,,,,,,,,,,,,,,,,,,,,,,,,,,,,,,,,,,,,,,,,,,,,,,,,,,,,,,,,,,,,,,,,,,,,,,,,,,,,,,,,,,,,,,,,,,,,,,,,,,,,,,,,,,,,,,,,,,,,,,,,,,,,,,,,,,,,,,,,,,,,,,,,,,,
1C,2,2,1,,,,,,,,,,,,,,,,,,1,,,,,,,,1,,,,,,,,,,,,,,,,,4,,,,,,,1,,,,,10,4,,3,1,1,,,,,,,,,,,,,,,,,,,,,,,,,1,,,,1,1,,1,,1,,,1,,,1,,,,,,,,,,,,,,,2,1,,, ,1,,,,1,,,,,,,,1,,,,,,,,,,,1,,1,,,,,,,,,,1,,,,,,,,,,,,,,,,2,,1,,1,2,1,,,,1,,,,,,,,,,4,1,,,,,,,,,,,,,,1,,1,,2,,,,,,,,,,,,,1,2,,1,,,,,,,,,,,,,,,,,,,,,,,,,
AB5,,,,,,,,,,,,,,,,,,,,,,,,,,,,,,,,,,,,,,,,,,,,,,,,,,,,,,,,,,,,,,,,,,,,,,,,,,,,,,,,,,,,,,,,,,,,,,,,,,,,,,,,,,,,,,,,,,,,,,,,,,,,,,,,,,,,,,,,,,,,,,,,,,,,,,,,,,,,,,1,,,,,,,,,,,,,,,,,,,,,,,,,,,,,,,,,,,,,,,,,,,,,,,,,,,,,,,,,,,,,,,,,,,,,,,,,,,,,,,,,,,,,,,,,,,,,,,,
AL,,,,,,,,,,,,,,,,,,,,,,,,,,,,,,,,,,,,,,,,,,,,,,,,,,,,,,,,,,,,,,,,,,,,,,,,,,,,,,,,,,,,,,,,,,,,,,,,,,,,,,,,,,,,,,,,,,,,,,,,,,,,,1,,,1,1,,,,,,,,,,,,,,,,,,,,,,,,,,,,,,,,,,,,,,,,,,,,,,,,,,,,,,,,,,,,,,,,,,,,,,,,,,,,,,,,,,,,,,,,,,,,,,,,,,,,,,,,,,,,,,,,,,,,,,,,,,,,,
AQ1,,,,,,,,,,,,,,,,,,,,,,,,,,,,,,,,,,,,,,,,,,,,,,,,,,,,,,,,,,,,,,,,,,,,,,,,,,,,,,,,,,,,,,,,,,,,,,,,,,,,,,,,,,,,,,,,,,,,,,,,,,,,,,,,,,,,,,,,,,,,,,,,,,,,,,,,,,,,,,,,,,,,,,,,,,,,,,,,,,,,,,,,,,,,,,,,,,,,,,,,,,,,,,,,,,,,,,,,,,,,,,,,,,,,,,,,,,,,,,,,,,,,,,,,,,,,,,
AR5,,,,,,,,,,,,,,,,,,,,,,,,,,,,,,,,,,,,,,,,,,,,,,,,,,,,,,,,,,,,,,,,,,,,,,,,,,,,,,,,,,,,,,,,,,,,,,,1,,,,,,,,,,,,,,,,,,,,,,,,,,,,,,,,,,,,,,,,,,,,,,,,,,,,,,,,,,,,,,,,,,,,,,,,,,,,,,,,,,,,,,,,,,,,,,,,,,,,,,,,,,,,,,,,,,,,,,,,,,,,,,,,,,,,,,,,,,,,,,,,,,,,,,,,,,,,,,,
3B,,,,,,,,,,,,,,,,,,,,,,,,,,,,,,,,,,,,,,,,,,,,,,,,,,,,,,,,,,,,,,,,,,,,,,,,,,,,,,,,,,,,,,,,,,,,,,,,,,,,,,,,,,,,,,,,,,,,,,,,,,,,,,,,,,,,,,,,,,,,,,,,,,,,,,,,,,,,,,,,,,,,,,,,,,,,,,,,,,,,,,,,,,,,,,,,,,,,,,,,,,,,,,,,,,,,,,,,,,,,,,,,,,,,,,,,,,,,,,,,,,,,,,,,,,,,,,
4B,,,,,,,,,,,,,,,,,,,,,,,,,,,,,,,,,,,,,,,,,,,,,,,,,,,,,,,,,,,,,,,,,,,,,,,,,,,,,,,,,,,,,,,,,,,,,,,,,,,,,,,,,,,,,,,,,,,,,,,,,,,,,,,,,,,,,,,,,,,,,,,,,,,,,,,,,,,,,,,,,,,,,,,,,,,,,,,,,,,,,,,,,,,,,,,,,,,,,,,,,,,,,,,,,,,,,,,,,,,,,,,,,,1,,,,,,,,,,,,,,,,,,,,,,,,,,,,
E5 - Cosmozercon sp.,,,,,,,,,,,,,,,,,,,,,,,,,,,,,,,,,,,,,,,,,,,,,,,,,,,,,,,,,,,,,,,,,,,,,,,,,,,,,,,,,,,,,,,,,,,,,,,,,,,,,,,,,,,,,,,,,,,,,,,,,,,,,,,,,,,,,,,,,,,,,,,,3,,,,2,,,,,,,,,,,,,,,,,,,,,,,,,,,,,,1,3,,,1,,,,,,,,,,,,,,,,,,,,,,,,,,,,,,,,,,,,,,,,,,,,,,,,,,,,,,,,,,,,,,,,,,,,,,,,
F0,1,,,,,,,,,,,,,,,,,,,,,,,,,,,,,,,,,,,,,,,,,,,,,,,,,,,13,,,,1,,1,,,,,,,,,,,,,,,,,,,,,,,,,,,,,,1,1,,,1,,,1,,,,,1,,,,,,,,,,,,,,,,,1,1,1,,,,,,,,,,,,,,,,,,,,,,,,,,,,,,,,,,,,,,,,,,,,,,,,,,,,,,,,,,,,,,,,,,,,,,,,,,,,,,,,,,,,,,,,,,,,,,,,,,,,,,,,,,,,,,,,,,,,,,,,,,,,,,,,,,,,,,,
5H,,,,,,,,,,,,,,,,,,,,,,,,,,,,,,,,,,,,,,,,,,,,,,,,,,,,,,,,,,,,,,,,,,,,,,,,,,,,,,,,,,,,,,,,,,,,,,,,,,,,,,,,,,,,,,,,,,,,,,,,,,,,,,,,,,,,,,,,,,,,,,,,,,,,,,,,,,,,,,,,,,,,,,,,,,,,,1,,,,,,4,,,1,,,,,,,,,,,,,,,,,,,,,,,,,,,,,,,1,,,,,,,,,,,,,,,,,,,,,,,,,,,,,,,,,,,,,,,,,
5I,,,,,,,,,,,,,,,,,,,,,,,,,,,,,,,,,,,,,,,,,,,,,,,,,,,,,,,,,,,,,,,,,,,,,,,,,,,,,,,,,,,,,,,,,,,,,,,,,,,,,,,,,,,,,,,,,,,,,,,,,,,,,,,,,,,,,,,,,,,,,,,,,,,,,,,,,,,,,,,,,,,,,,,,,,,,,1,,,,,,,,,2,,,,,,,,,,,,,,,,,,,,,,,,,,,,,,,,2,,,,,,,,,,,,,,,,,,,,,,,,,,,,,,,,,,,,,,,,
J2,,,,,,,,,,,,,,,,,,,,,,,,,,,,,,,,,,,,,,,,,,,,,,,,,,,,,,,,,,,,,,,,,,,,,,,,,,,,,,,,,,,,,,,,,,,,,,,,,,,,,,,,,,,,,,,,,,,,,,,,,,,,,,,,,,,,,,,,,,,,,,,,,,,,,,,,,,,,,,,,,,,,,,,,,,,,,,,,,,,,,,,,,,,,,,,,,,,,,,,,,,,,,,,,,,,,,,,,,,,,,,,,,,,,,,,,,,,,,,,,,,,,,,,,,,,,,,
Meso immatures,,,,,,,,,,,,,,,,,,,,,,,,,,,,,,,,,,,,,,,,,,,,,,,,,,,,,,,,,,,,,,,,,,,,,,,,,,,,,,,,,,,,,,,,,,,,,,,,,,,,,,,,,,,,,,,,,,,,,,,,,,,,,,,,,,,,,,,,,,,,,,,,,,,,,,,,,,,,,,,,,,,,,,,,,,,,,,,,,,,,,,,,,,,,,,,,,,,,,,,,,,,,,,,,,,1,,,,,,,,,,,,,,,,,,,,,,,,,,,,,,,,,,,,,,,,,,,,
Oribatids,,,,,,,,,,,,,,,,,,,,,,,,,,,,,,,,,,,,,,,,,,,,,,,,,,,,,,1,,,, ,,,,,,,,,,,,,,,,,,,,,,,,,,,,,,,,,1,,,,,,,,,,,,,,,,,,,,,,,,,,,,,,,,,,,,,,,,,,,,,,,,,,,,,,,,,,,,,,,,,,,,,,,,,,,,,,,,,,,,,,,,,,,,,,,,,,,,,,,,,,,,,,,,,,,,,,,,,,,,,,,,,,,,,,,,,1,,,,,,,,,,,,,,,,,,,,,,,,,,
Prostigs,,,,,,,,,,,,,,,,,,,,,,,,,,,,,,,,,,,,,,,,,,,,,,,,,,,,,,,,,,,,,,,,,,,,,,,,,,,,,,,,,,,,,,,,,,,,,,,,,,,,,,,,,,,,,,,,,,,,,,,,,,,,,,,,,,,,,,,,,,,,,,,,,,,,,,,,,,,,,,,,,,,,,,,,,,,,,,,,,,,,,,,,,,,,,,,,,,,,,,,,,,,,,,,,,,,,,,,,,,,,,,,,,,,,,,,,,,,,,,,,,,,,,,,,,,,,,,
Mesostigs,169,222,47,10,119,61,66,6,134,21,35,34,22,15,92,57,64,13,118,108,319,33,71,161,161,20,29,28,138,75,66,32,53,262,103,101,8,11,100,29,12,60,63,34,4,177,116,54,34,21,24,166,45,19,21,9,8,218,108,114,83,127,70,4,13,7,35,40,20,86,25,2,1,4,114,117,16,96,10,38,212,112,45,28,20,25,3,88,75,50,33,50,138,10,88,91,70,50,42,183,138,13,139,122,66,34,59,62,24,26,77,12,177,22,85,32,121,56,330,86,25,113,162,50,41,17,57,34,42,35,49,23,53,64,77,19,21,2,30,40,42,2,128,120,109,54,17,205,180,59,91,29,30,22,65,97,8,87,85,43,5,20,11,5,68,10,49,21,12,16,11,0,210,90,28,14,1,98,167,122,55,105,57,46,30,27,25,13,34,111,26,33,85,29,15,11,286,197,105,36,29,24,225,143,36,41,21,2,12,27,14,72,59,49,63,40,34,24,8,40,2,0,0,0,9,178,197,49,71,28,18,0,0,0,0,0,0,0,0,0,0,0,0,0,0,0,0,0,0,0,0,0,,
Total,127,46,28,5,34,19,62,11,39,9,4,6,1,1,18,13,11,3,7,17,20,8,28,71,23,22,2,7,30,4,1,4,16,100,17,31,0,7,15,18,3,8,27,5,1,46,52,10,7,9,2,78,24,7,4,3,7,20,1,16,8,11,11,1,0,1,6,10,7,7,3,4,1,1,102,102,11,22,12,16,24,28,15,17,16,13,1,14,3,4,9,5,3,1,9,4,7,5,11,39,38,26,21,26,25,9,17,35,13,12,14,3,28,3,35,12,12,10,14,12,9,40,14,18,16,3,7,9,18,20,18,9,13,29,12,13,18,6,11,17,24,8,28,39,55,19,17,64,28,20,85,28,11,17,13,15,3,19,17,12,5,5,4,2,22,5,8,3,1,5,2,0,56,32,13,4,4,29,26,14,3,12,8,8,5,5,11,2,9,15,5,13,39,18,9,2,47,38,43,9,20,8,22,17,10,9,10,5,7,10,11,11,17,18,13,17,9,4,11,10,2,0,0,0,8,16,13,5,3,6,7,0,0,0,0,0,0,0,0,0,0,0,0,0,0,0,0,0,0,0,0,0,,
% Oribatid,30,16,6,0,32,6,5,3,12,0,0,4,2,2,3,5,2,2,8,12,59,6,11,3,10,1,0,0,15,13,2,3,7,36,19,16,0,1,2,5,0,2,2,2,0,9,6,1,0,1,1,18,2,9,3,6,0,17,6,6,8,4,2,0,1,1,6,1,2,5,3,0,0,0,7,14,0,2,0,6,10,2,0,2,2,2,2,6,26,14,7,10,2,0,4,5,3,0,0,10,8,3,15,11,8,5,4,6,0,4,6,2,15,0,8,3,18,8,8,4,0,24,13,10,4,0,8,4,5,0,6,2,2,7,12,3,2,0,6,4,3,1,16,12,15,12,4,11,7,6,14,6,2,3,7,6,0,15,20,6,1,1,1,0,10,0,0,0,1,1,0,0,26,20,7,1,0,11,24,37,4,7,3,5,4,2,2,0,0,0,0,0,9,7,3,0,27,15,7,16,5,0,5,8,2,4,1,0,4,3,3,9,6,7,5,6,3,1,0,1,0,0,0,0,1,51,12,1,5,1,0,0,0,0,0,0,0,0,0,0,0,0,0,0,0,0,0,0,0,0,0,0,,
% Prostig,326,284,81,15,185,86,133,20,185,30,39,44,25,18,113,75,77,18,133,137,398,47,110,235,194,43,31,35,183,92,69,39,76,398,139,148,8,19,117,52,15,70,92,41,5,232,174,65,41,31,27,262,71,35,28,18,15,255,115,136,99,142,83,5,14,9,47,51,29,98,31,6,2,5,223,233,27,120,22,60,246,142,60,47,38,40,6,108,104,68,49,65,143,11,101,100,80,55,53,232,184,42,175,159,99,48,80,103,37,42,97,17,220,25,128,47,151,74,352,102,34,177,189,78,61,20,72,47,65,55,73,34,68,100,101,35,41,8,47,61,69,11,172,171,179,85,38,280,215,85,190,63,43,42,85,118,11,121,122,61,11,26,16,7,100,15,57,24,14,22,13,0,292,142,48,19,5,138,217,173,62,124,68,59,39,34,38,15,43,126,31,46,133,54,27,13,360,250,155,61,54,32,252,168,48,54,32,7,23,40,28,92,82,74,81,63,46,29,19,51,4,0,0,0,18,245,222,55,79,35,25,0,0,0,0,0,0,0,0,0,0,0,0,0,0,0,0,0,0,0,0,0,,
% Mesostig,51.84,78.17,58.02,66.67,64.32,70.93,49.62,30,72.43,70,89.74,77.27,88,83.33,81.42,76,83.12,72.22,88.72,78.83,80.15,70.21,64.55,68.51,82.99,46.51,93.55,80,75.41,81.52,95.65,82.05,69.74,65.83,74.1,68.24,100,57.89,85.47,55.77,80,85.71,68.48,82.93,80,76.29,66.67,83.08,82.93,67.74,88.89,63.36,63.38,54.29,75,50,53.33,85.49,93.91,83.82,83.84,89.44,84.34,80,92.86,77.78,74.47,78.43,68.97,87.76,80.65,33.33,50,80,51.12,50.21,59.26,80,45.45,63.33,86.18,78.87,75,59.57,52.63,62.5,50,81.48,72.12,73.53,67.35,76.92,96.5,90.91,87.13,91,87.5,90.91,79.25,78.88,75,30.95,79.43,76.73,66.67,70.83,73.75,60.19,64.86,61.9,79.38,70.59,80.45,88,66.41,68.09,80.13,75.68,93.75,84.31,73.53,63.84,85.71,64.1,67.21,85,79.17,72.34,64.62,63.64,67.12,67.65,77.94,64,76.24,54.29,51.22,25,63.83,65.57,60.87,18.18,74.42,70.18,60.89,63.53,44.74,73.21,83.72,69.41,47.89,46.03,69.77,52.38,76.47,82.2,72.73,71.9,69.67,70.49,45.45,76.92,68.75,71.43,68,66.67,85.96,87.5,85.71,72.73,84.62,0,71.92,63.38,58.33,73.68,20,71.01,76.96,70.52,88.71,84.68,83.82,77.97,76.92,79.41,65.79,86.67,79.07,88.1,83.87,71.74,63.91,53.7,55.56,84.62,79.44,78.8,67.74,59.02,53.7,75,89.29,85.12,75,75.93,65.63,28.57,52.17,67.5,50,78.26,71.95,66.22,77.78,63.49,73.91,82.76,42.11,78.43,50,#DIV/0!,#DIV/0!,#DIV/0!,50,72.65,88.74,89.09,89.87,80,72,#DIV/0!,#DIV/0!,#DIV/0!,#DIV/0!,#DIV/0!,#DIV/0!,#DIV/0!,#DIV/0!,#DIV/0!,#DIV/0!,#DIV/0!,#DIV/0!,#DIV/0!,#DIV/0!,#DIV/0!,#DIV/0!,#DIV/0!,#DIV/0!,#DIV/0!,#DIV/0!,#DIV/0!,,
,38.96,16.2,34.57,33.33,18.38,22.09,46.62,55,21.08,30,10.26,13.64,4,5.56,15.93,17.33,14.29,16.67,5.26,12.41,5.03,17.02,25.45,30.21,11.86,51.16,6.45,20,16.39,4.35,1.45,10.26,21.05,25.13,12.23,20.95,0,36.84,12.82,34.62,20,11.43,29.35,12.2,20,19.83,29.89,15.38,17.07,29.03,7.41,29.77,33.8,20,14.29,16.67,46.67,7.84,0.87,11.76,8.08,7.75,13.25,20,0,11.11,12.77,19.61,24.14,7.14,9.68,66.67,50,20,45.74,43.78,40.74,18.33,54.55,26.67,9.76,19.72,25,36.17,42.11,32.5,16.67,12.96,2.88,5.88,18.37,7.69,2.1,9.09,8.91,4,8.75,9.09,20.75,16.81,20.65,61.9,12,16.35,25.25,18.75,21.25,33.98,35.14,28.57,14.43,17.65,12.73,12,27.34,25.53,7.95,13.51,3.98,11.76,26.47,22.6,7.41,23.08,26.23,15,9.72,19.15,27.69,36.36,24.66,26.47,19.12,29,11.88,37.14,43.9,75,23.4,27.87,34.78,72.73,16.28,22.81,30.73,22.35,44.74,22.86,13.02,23.53,44.74,44.44,25.58,40.48,15.29,12.71,27.27,15.7,13.93,19.67,45.45,19.23,25,28.57,22,33.33,14.04,12.5,7.14,22.73,15.38,0,19.18,22.54,27.08,21.05,80,21.01,11.98,8.09,4.84,9.68,11.76,13.56,12.82,14.71,28.95,13.33,20.93,11.9,16.13,28.26,29.32,33.33,33.33,15.38,13.06,15.2,27.74,14.75,37.04,25,8.73,10.12,20.83,16.67,31.25,71.43,30.43,25,39.29,11.96,20.73,24.32,16.05,26.98,19.57,13.79,57.89,19.61,50,#DIV/0!,#DIV/0!,#DIV/0!,44.44,6.53,5.86,9.09,3.8,17.14,28,#DIV/0!,#DIV/0!,#DIV/0!,#DIV/0!,#DIV/0!,#DIV/0!,#DIV/0!,#DIV/0!,#DIV/0!,#DIV/0!,#DIV/0!,#DIV/0!,#DIV/0!,#DIV/0!,#DIV/0!,#DIV/0!,#DIV/0!,#DIV/0!,#DIV/0!,#DIV/0!,#DIV/0!,,
,9.2,5.63,7.41,0,17.3,6.98,3.76,15,6.49,0,0,9.09,8,11.11,2.65,6.67,2.6,11.11,6.02,8.76,14.82,12.77,10,1.28,5.15,2.33,0,0,8.2,14.13,2.9,7.69,9.21,9.05,13.67,10.81,0,5.26,1.71,9.62,0,2.86,2.17,4.88,0,3.88,3.45,1.54,0,3.23,3.7,6.87,2.82,25.71,10.71,33.33,0,6.67,5.22,4.41,8.08,2.82,2.41,0,7.14,11.11,12.77,1.96,6.9,5.1,9.68,0,0,0,3.14,6.01,0,1.67,0,10,4.07,1.41,0,4.26,5.26,5,33.33,5.56,25,20.59,14.29,15.38,1.4,0,3.96,5,3.75,0,0,4.31,4.35,7.14,8.57,6.92,8.08,10.42,5,5.83,0,9.52,6.19,11.76,6.82,0,6.25,6.38,11.92,10.81,2.27,3.92,0,13.56,6.88,12.82,6.56,0,11.11,8.51,7.69,0,8.22,5.88,2.94,7,11.88,8.57,4.88,0,12.77,6.56,4.35,9.09,9.3,7.02,8.38,14.12,10.53,3.93,3.26,7.06,7.37,9.52,4.65,7.14,8.24,5.08,0,12.4,16.39,9.84,9.09,3.85,6.25,0,10,0,0,0,7.14,4.55,0,0,8.9,14.08,14.58,5.26,0,7.97,11.06,21.39,6.45,5.65,4.41,8.47,10.26,5.88,5.26,0,0,0,0,0,6.77,12.96,11.11,0,7.5,6,4.52,26.23,9.26,0,1.98,4.76,4.17,7.41,3.13,0,17.39,7.5,10.71,9.78,7.32,9.46,6.17,9.52,6.52,3.45,0,1.96,0,#DIV/0!,#DIV/0!,#DIV/0!,5.56,20.82,5.41,1.82,6.33,2.86,0,#DIV/0!,#DIV/0!,#DIV/0!,#DIV/0!,#DIV/0!,#DIV/0!,#DIV/0!,#DIV/0!,#DIV/0!,#DIV/0!,#DIV/0!,#DIV/0!,#DIV/0!,#DIV/0!,#DIV/0!,#DIV/0!,#DIV/0!,#DIV/0!,#DIV/0!,#DIV/0!,#DIV/0!,,
